artist,title,id,year,expo,hist-today,img_url,img_credits,place_today,lat_today,lon_today,place_hist,lat_hist,lon_hist
Mary Vieira,Intervolume: cuborama,intervolume-cuborama_1985,1985,"ESS-SPA 8, 1986",today,https://www.publics-arts.ch/files/original/0edc3c9fbe3df224c1cd0217c78c2dede1559d8d.jpg,"Kamahele, 2010 (via Wikimedia Commons, Public Domain)","Böblingerstrasse 24, Sindelfingen, Allemagne / Deutschland",48.706033,9.004485,"Place du Général-Guisan / General-Guisan-Platz, rue de la Gare / Bahnhofstrasse 16b, 2502 Bienne / Biel",47.134773,7.244583
,,intervolume-cuborama_1985,1985,,hist,https://www.publics-arts.ch/files/original/1d1b41e4499cb6a39196bf628438f473029ad3a9.jpeg,"Jeanne Chevalier, 1986",,,,,47.134773,7.244583
Corsin Fontana,Bodengravierung,bodengravierung_1986,1986,"ESS-SPA 8, 1986",today,https://www.publics-arts.ch/files/original/3531e68436592538fd02a8078da6f126c307b08d.jpg,"Yvonne Schweizer, 2023","Promenade de la Suze / Schüsspromenade, 2502 Bienne / Biel",47.136607,7.240929,"Promenade de la Suze / Schüsspromenade, 2502 Bienne / Biel",47.136607,7.240929
,,bodengravierung_1986,1986,,hist,https://www.publics-arts.ch/files/original/0b8bbd2df7529db496fab6fc49e7cb341b6ae971.jpg,"Jeanne Chevalier, 1986",,,,,47.136607,7.240929
Hans Aeschbacher,Figur II,figur-ii_1966,1966,"ESS-SPA 4, 1966",today,https://www.publics-arts.ch/files/original/876a919a4ac8fbe1ce80823dbeacfa3fadd66a43.jpeg,"Christopher Kilchenmann, 2023","Parc du Palais des Congrès / Park des Kongresshauses, 2502 Bienne / Biel",47.134417,7.247141,"Parc du Palais des Congrès / Park des Kongresshauses, 2502 Bienne / Biel",47.134456,7.247239
,,figur-ii_1966,1966,,hist,https://www.publics-arts.ch/files/original/9970109971cc5891aa162b94618e7159ba8682ff.jpg,"Jürg Rihs, 1966",,,,,47.134456,7.247239
Annemie Fontana,Sunrise,sunrise_1974,1974,"ESS-SPA 6, 1975",today,https://www.publics-arts.ch/files/original/2bdffca6fddec5f7415549dd7a6822fcbffa8c65.jpg,"Micha L. Rieser, 2008–10 (via Wikimedia Commons, Attribution)","Terrain de sport Hardhof / Hardhof Sportplatz, 8064 Zurich / Zürich",47.395754,8.49969,"Faubourg du Lac / Seevorstadt 14, 2502 Bienne / Biel",47.136431,7.236686
,,sunrise_1974,1974,,hist,https://www.publics-arts.ch/files/original/03978c6458bde9032191bc427a55e7032ec67a1b.jpg,"Renate Hügli Roth, 1975",,,,,47.136431,7.236686
André Ramseyer,Grand Astre,grand-astre_1965,1965,"ESS-SPA 4, 1966",today,https://www.publics-arts.ch/files/original/f726633b14663d570b19d1050c8c4d3fe565d579.jpeg,"Christopher Kilchenmann, 2023","Länggassstrasse 120, 3012 Berne / Bern",46.95672,7.427107,"Á côté du Palais de Congrès / Neben dem Kongresshaus, rue Centrale / Zentralstrasse 60, 2501 Bienne / Biel",47.134544,7.247809
,,grand-astre_1965,1965,,hist,https://www.publics-arts.ch/files/original/f1caa2069535442648c86de8d432485134a5b8d1.jpg,"Jürg Rihs, 1966",,,,,47.134544,7.247809
Ueli Berger,PH-PH,ph-ph_1975,1975,"ESS-SPA 6, 1975",today,https://www.publics-arts.ch/files/original/fe349b636bf94ce0c454c6e9abaef36a40ede27e.jpeg,"Christopher Kilchenmann, 2023","Place Robert Walser / Robert-Walser-Platz, 2503 Bienne / Biel",47.131055,7.24141,"Près le funiculaire Macolin / Bei der Magglingenbahn, chemin de Seefels / Seefelsweg, 2502 Bienne / Biel",47.135856,7.235832
,,ph-ph_1975,1975,,hist,https://www.publics-arts.ch/files/original/e2f6b14453b2b8ec6cd7d71269a8eae019ae005a.jpg,"Renate Hügli Roth, 1975",,,,,47.135856,7.235832
,,ph-ph_1975,1975,,today,https://www.publics-arts.ch/files/original/ab95b234d197ad6ca8cac6e0730d8729ea132402.jpg,"Yvonne Schweizer, 2023",,,,,,
,,ph-ph_1975,1975,,hist,https://www.publics-arts.ch/files/original/68a332fec40adf76ddc95df2a0f9f074fa5d0788.jpg,"Jeanne Chevalier, 1975",,,,,,
André Ramseyer,Consolation,consolation_1954,1954,"ESS-SPA 1, 1954",today,https://www.publics-arts.ch/files/original/e983931e2c2f8043fe4841cbb38996c498ff72d1.jpeg,"Christopher Kilchenmann, 2023","Parc de la ville / Stadtpark, 2502 Bienne / Biel",47.141608,7.255487,"Place Centrale / Zentralplatz, 2502 Bienne / Biel",47.136919,7.246655
,,consolation_1954,1954,,hist,https://www.publics-arts.ch/files/original/2ca7d36684e140ae5ddd0e3e85dfc0cdf306fbd0.jpg,"Inconnu / Unbekannt, Archives / Archiv ESS-SPA, c. / um 1970",,,,,47.136919,7.246655
,,consolation_1954,1954,,today,https://www.publics-arts.ch/files/original/8bfa4f8507f6400673eebcaf4251896919249f42.jpeg,"Christopher Kilchenmann, 2023",,,,,,
,,consolation_1954,1954,,today,https://www.publics-arts.ch/files/original/b03f94707606d60146cbf7b05f139c6ea2c4ee7a.jpeg,"Christopher Kilchenmann, 2023",,,,,,
,,consolation_1954,1954,,today,https://www.publics-arts.ch/files/original/36868d5331e5cfcbc0e1278a9274a2fdeae88924.jpeg,"Christopher Kilchenmann, 2023",,,,,,
Walter Linck,Harpe Animée,harpe-animee_1961,1961–62,"ESS-SPA 3, 1962",today,https://www.publics-arts.ch/files/original/c4468e30b797856762874cc1f2f923cdfbce6a38.jpeg,"Christopher Kilchenmann, 2023","Devant le Cinéma Palace / Vor dem Kino Palace, rue Thomas-Wyttenbach / Thomas-Wyttenbach-Strasse 4, 2502 Bienne / Biel",47.133861,7.244773,"Prés-de-la-Rive, au bord du lac / Strandboden am Seeufer, 2503 Bienne / Biel",47.132848,7.232765
,,harpe-animee_1961,1961–62,,hist,https://www.publics-arts.ch/files/original/757c0d937e7978b7fa97f3a31d0e21b5b4ba4972.tif,"© Succession / Nachlass Margrit und Walter Linck, 1962",,,,,47.132848,7.232765
,,harpe-animee_1961,1961–62,,today,https://www.publics-arts.ch/files/original/0f2b035d9c4c49c9ab1d7b77a3f07d9c19ac243f.jpeg,"Christopher Kilchenmann, 2023",,,,,,
,,harpe-animee_1961,1961–62,,today,https://www.publics-arts.ch/files/original/862ac9b4abc25f3bc04ed3bc85dd0497c532a8d2.jpeg,"Christopher Kilchenmann, 2023",,,,,,
"Berner Arbeitsgemeinschaft (Eggenschwiler, Vetter, Wälti, Kunz)",Farbige Baumruine,farbige-baumruine_1975,1975,"ESS-SPA 6, 1975",today,https://www.publics-arts.ch/files/original/398c850cc4f9a3a658aac34f7d7d395f63870ea7.jpeg,"Christopher Kilchenmann, 2023","APP Bienne-Seeland / BVS Biel Seeland, chemin de la Ciblerie / Scheibenweg 45, 2503 Bienne / Biel",47.1381336623771,7.26792222262247,"APP Bienne-Seeland / BVS Biel Seeland, Chemin de la Ciblerie / Scheibenweg 45, 2503 Bienne / Biel",47.1381336623771,7.26792222262247
,,farbige-baumruine_1975,1975,,hist,https://www.publics-arts.ch/files/original/4359a4b78614272c2b9055af5f4cd06cbabc7a75.jpeg,"Jeanne Chevalier, 1975",,,,,47.1381336623771,7.26792222262247
,,farbige-baumruine_1975,1975,,today,https://www.publics-arts.ch/files/original/4d5e5dbca9cf46c42657dd4387bcece40f31b3c4.jpeg,"Christopher Kilchenmann, 2023",,,,,,
,,farbige-baumruine_1975,1975,,today,https://www.publics-arts.ch/files/original/1fa8e13c688c00c8a8491b6c9f118d11313fc317.jpeg,"Christopher Kilchenmann, 2023",,,,,,
,,farbige-baumruine_1975,1975,,today,https://www.publics-arts.ch/files/original/3212e6086f18175e29957da4aaad3d635209e0cb.jpeg,"Christopher Kilchenmann, 2023",,,,,,
,,farbige-baumruine_1975,1975,,today,https://www.publics-arts.ch/files/original/bbd860f03a6fbcbf633b3a74ce83e84f44c257cf.jpg,"Cornelia Schnyder-Berner, 2019 (architekturbibliothek.ch)",,,,,,
Ueli Berger,Jura,jura_1979,1979–80,"ESS-SPA 7, 1980",today,https://www.publics-arts.ch/files/original/6871bca430310991fc906dbf738b1240f6eda59d.jpeg,"Christopher Kilchenmann, 2023","Gymnase Bienne-Seeland / Gymnasium Biel-Seeland, rue du Débarcadère / Ländtestrasse 10, 2503 Bienne / Biel",47.133015,7.235254,"Gymnase Bienne-Seeland / Gymnasium Biel-Seeland, rue du Débarcadère / Ländtestrasse 10, 2503 Bienne / Biel",47.133015,7.235254
,,jura_1979,1979–80,,hist,https://www.publics-arts.ch/files/original/09147d8d18355cdd54457c697cc4fd3980b158da.jpeg,"Jeanne Chevalier, 1980",,,,,47.133015,7.235254
,,jura_1979,1979–80,,today,https://www.publics-arts.ch/files/original/c38c53973d8a7ce059df26daa861d45d5d3737dd.jpeg,"Christopher Kilchenmann, 2023",,,,,,
,,jura_1979,1979–80,,today,https://www.publics-arts.ch/files/original/c38c53973d8a7ce059df26daa861d45d5d3737dd.jpeg,"M. Nussbaumer, 2006 (via Wikimedia Commons, CC BY-2.5)",,,,,,
Franz Pösinger,SOG,sog_1980,1980,"ESS-SPA 8, 1986",today,https://www.publics-arts.ch/files/original/363d8efb42b0fe356ab2c0f900f140a31ec7b176.jpeg,"Christopher Kilchenmann, 2023",détruit / zerstört 2021,47.1397673192808,7.2482557296098,"École Dufour / Dufour-Schulhaus, rue Général-Dufour / General-Dufour-Strasse 18, 2502 Bienne / Biel",47.1397673192808,7.2482557296098
,,sog_1980,1980,,hist,https://www.publics-arts.ch/files/original/2ee48578c9f367dd2312be08e75e8853534b4cc4.jpeg,"Jeanne Chevalier, 1986",,,,,47.1397673192808,7.2482557296098
"Berner Arbeitsgemeinschaft (Eggenschwiler, Vetter, Wälti, Kunz)",Beton-Messingkubus,beton-messingkubus_1975,1975,"ESS-SPA 6, 1975",today,https://www.publics-arts.ch/files/original/cf702a4a9b22e0d2d3d60457947fa03e54e8f4eb.jpeg,"Christopher Kilchenmann, 2023","APP Bienne-Seeland / BVS Biel Seeland, chemin de la Ciblerie / Scheibenweg 45, 2503 Bienne / Biel",47.138058,7.267674,"APP Bienne-Seeland / BVS Biel Seeland, chemin de la Ciblerie / Scheibenweg 45, 2503 Bienne / Biel",47.138058,7.267674
,,beton-messingkubus_1975,1975,,hist,https://www.publics-arts.ch/files/original/4359a4b78614272c2b9055af5f4cd06cbabc7a75.jpeg,"Jeanne Chevalier, 1975",,,,,47.138058,7.267674
,,beton-messingkubus_1975,1975,,today,https://www.publics-arts.ch/files/original/ff60f1b6721c33698daf9c749408f0fbc4d7950d.jpeg,"Christopher Kilchenmann, 2023",,,,,,
,,beton-messingkubus_1975,1975,,hist,https://www.publics-arts.ch/files/original/063fe17528de330a7279ce04807c522a4187a14d.jpeg,"Jeanne Chevalier, 1975",,,,,,
"Berner Arbeitsgemeinschaft (Eggenschwiler, Vetter, Wälti, Kunz)",Drei Gerüstkuben,drei-geruestkuben_1975,1975,"ESS-SPA 6, 1975",today,https://www.publics-arts.ch/files/original/541c61cfaaf77eb55599c2e50473dd66cfb274a2.jpeg,"Christopher Kilchenmann, 2023","APP Bienne-Seeland / BVS Biel Seeland, chemin de la Ciblerie / Scheibenweg 45, 2503 Bienne / Biel",47.138195,7.267571,"APP Bienne-Seeland / BVS Biel Seeland, chemin de la Ciblerie / Scheibenweg 45, 2503 Bienne / Biel",47.138195,7.267571
,,drei-geruestkuben_1975,1975,,hist,https://www.publics-arts.ch/files/original/4359a4b78614272c2b9055af5f4cd06cbabc7a75.jpeg,"Jeanne Chevalier, 1975",,,,,47.138195,7.267571
,,drei-geruestkuben_1975,1975,,today,https://www.publics-arts.ch/files/original/9cabaa880f412fd0f35f092d4240c65e8b51912e.jpeg,"Christopher Kilchenmann, 2023",,,,,,
,,drei-geruestkuben_1975,1975,,hist,https://www.publics-arts.ch/files/original/063fe17528de330a7279ce04807c522a4187a14d.jpeg,"Jeanne Chevalier, 1975",,,,,,
,,drei-geruestkuben_1975,1975,,today,https://www.publics-arts.ch/files/original/ea72cd9b772ea702cb9e4ccbdefcd4506945c848.jpeg,"Christopher Kilchenmann, 2023",,,,,,
Rudolf Blättler,Mann und Weib,mann-und-weib_1995,1995,ESS-SPA 1997,today,https://www.publics-arts.ch/files/original/5e0afaec2cb2f7c8981a2dc642071cf4ec98020f.png,"© Rudolf Blättler, 2023","Kehrsiten village au Bürgenstock / Kehrsiten Dorf am Bürgenstock, 6365 Stansstad",46.999999,8.366996,"Escalier sur la place de l'église [prévu] / Treppe am Kirchplatz [geplant], 2502 Bienne / Biel",47.141411,7.24687
,,mann-und-weib_1995,1995,,hist,https://www.publics-arts.ch/files/original/375e915e0246c373006caa5aeac565f4b7e7acde.png,"© Rudolf Blättler, 1996",,,,,47.141411,7.24687
Matias Spescha,Luftkubus,luftkubus_1986,1986,"ESS-SPA 8, 1986",today,https://www.publics-arts.ch/files/original/b4219758b7924bccc84e77cd391ea189a3f69d39.jpeg,"Christoph Wyss, 2023","Parc des sculptures Ennetbürgen / SPE Skulpturenpark, Scheidgrabenweg, 6374 Buochs",46.98027,8.410913,"École Dufour / Dufour-Schulhaus, rue Général-Dufour / General-Dufour-Strasse 18, 2502 Bienne / Biel",47.139572,7.248111
,,luftkubus_1986,1986,,hist,https://www.publics-arts.ch/files/original/314282dc359723ac96632f68cbed5965deb2d9b4.jpeg,"Jeanne Chevalier, 1986",,,,,47.139572,7.248111
,,luftkubus_1986,1986,,today,https://www.publics-arts.ch/files/original/7649be7b13f2de5fb0a106dec195bbf39ac55fd9.jpeg,"Christoph Wyss, 2023",,,,,,
André Ramseyer,Orion,orion_1965,1965,"ESS-SPA 4, 1966",today,https://www.publics-arts.ch/files/original/e392f8bc2ada62a27a5d57d2cc286b1bc89cc415.jpg,"EinDao, 2021 (via Wikimedia Commons, CC BY-SA 3.0)","Parc du Musée d'Art de Soleure / Park des Kunstmuseums Solothurn, 4500 Soleure / Solothurn",47.210136,7.537941,"A côté du Palais de Congrès / Neben dem Kongresshaus, rue Centrale / Zentralstrasse 60, 2501 Bienne / Biel",47.13458,7.24777
,,orion_1965,1965,,hist,https://www.publics-arts.ch/files/original/0bbd0465da688ab1c149c5566b6b3a62a97de2e3.jpg,"Famille / Familie Ramseyer, 1966",,,,,47.13458,7.24777
,,orion_1965,1965,,hist,https://www.publics-arts.ch/files/original/9dfebc21190f977edf9305664ad6239ca5e73795.jpeg,"Inconnu / Unbekannt, 1966, Collection des arts visuels de la Ville de Bienne / Kunstsammlung der Stadt Biel",,,,,,
Joseph Wyss,Otok 2,otok-2_1970,1970,"ESS-SPA 5, 1970",today,https://www.publics-arts.ch/files/original/ea0421d17a106a313ec497356c8ec144b8521b5c.jpg,"Adrian Michael, 2015 (via Wikimedia Commons, CC BY-SA 3.0)","Hôpital Zollikerberg / Spital Zollikerberg, Diakonissenweg, 8125 Zollikerberg",47.347941,8.598494,"Prés-de-la-Rive / Strandboden, 2503 Bienne / Biel",47.134766,7.233294
,,otok-2_1970,1970,,hist,https://www.publics-arts.ch/files/original/7633c837a4d5321a49bc0743b7976cdc70d497ff.tif,"Heinz Baumann, 1970 © Bibliothèque ETH Zurich, Archives photographiques / ETH-Bibliothek Zürich, Bildarchiv",,,,,47.134766,7.233294
Gianfredo Camesi,Dimension unique,dimension-unique_1975,1975,"ESS-SPA 6, 1975",today,https://www.publics-arts.ch/files/original/1b93bbe39c3b5ef457ea2cddc2992a3001ccfe8e.jpeg,"Christopher Kilchenmann, 2023","Terrasse de l'église / Kirchterrasse, rue Basse / Untergasse 17, 2502 Bienne / Biel",47.141138,7.24646,"Terrasse de l'eglise / Kirchterrasse, rue Basse / Untergasse 17, 2502 Bienne / Biel",47.141138,7.24646
,,dimension-unique_1975,1975,,hist,https://www.publics-arts.ch/files/original/d4586d2832de6272fd6d01b61200372e24a0c1a9.jpg,"Archives / Archiv Märki-Travaglini, 1975",,,,,47.141138,7.24646
,,dimension-unique_1975,1975,,today,https://www.publics-arts.ch/files/original/8200ae63ba5d85fd3da53a3e8d73a8425896fdde.jpeg,"Christopher Kilchenmann, 2023",,,,,,
,,dimension-unique_1975,1975,,hist,https://www.publics-arts.ch/files/original/531d68036353b142a798f455f69e7a83f3b2223a.jpg,"Archives / Archiv Märki-Travaglini, 1975",,,,,,
,,dimension-unique_1975,1975,,today,https://www.publics-arts.ch/files/original/c40b10cf5c6d7706c83525822e928c76bb3c0982.jpeg,"Christopher Kilchenmann, 2023",,,,,,
Manuel Torres,Enlacé,enlace_1974,1974,"ESS-SPA 6, 1975",today,https://www.publics-arts.ch/files/original/4319b495f2687df7be4003dadd2eaa84caca4394.jpeg,"Yvonne Schweizer, 2023","Promenade de la Suze / Schüsspromenade, 2502 Bienne / Biel",47.136121,7.240825,"Faubourg du Lac, près du funiculaire Macolin / Seevorstadt, nahe der Magglingenbahn, 2502 Bienne / Biel",47.136293,7.23629
,,enlace_1974,1974,,hist,https://www.publics-arts.ch/files/original/3d92f3a6a9cd2050eca92a0e936acfa492dd04f2.jpg,"Inconnu / Unbekannt, 1975, Collection des arts visuels de la Ville de Bienne / Kunstsammlung der Stadt Biel",,,,,47.136293,7.23629
,,enlace_1974,1974,,today,https://www.publics-arts.ch/files/original/3b3465ac4999c42de1dadbfbc60e83b85cc25243.jpeg,"Yvonne Schweizer, 2023",,,,,,
Jürg Altherr,EQUI-LIBRE – Stahlkonstruktion XIIX,equi-libre-–-stahlkonstruktion-xiix_1979,1979–80,"ESS-SPA 7, 1980",today,https://www.publics-arts.ch/files/original/23865160d6a16f491e79a068ef6f68c2b3ef7ddf.jpeg,"Christopher Kilchenmann, 2023","Prairie derrière le Gymnase Bienne-Seeland / Wiese hinter dem Gymnasium Biel-Seeland, rue du Débarcadère / Ländtestrasse 10, 2503 Bienne / Biel",47.13376,7.23467,"Prés-de-la-Rive, devant le Gymnase / Strandboden, vor dem Gymnasium, 2503 Bienne / Biel",47.13376,7.23467
,,equi-libre-–-stahlkonstruktion-xiix_1979,1979–80,,hist,https://www.publics-arts.ch/files/original/3b23ad64930e2a2c159f5b439f52f3654a497525.jpeg,"Jeanne Chevalier, 1980",,,,,47.13376,7.23467
,,equi-libre-–-stahlkonstruktion-xiix_1979,1979–80,,today,https://www.publics-arts.ch/files/original/f2acd912fae54636e3f0b9a0696cc06271ddfc38.jpeg,"Christopher Kilchenmann, 2023",,,,,,
,,equi-libre-–-stahlkonstruktion-xiix_1979,1979–80,,hist,https://www.publics-arts.ch/files/original/3b14d081a829bb24c28355b8a853b99526e49ce6.jpeg,"Inconnu / Unbekannt, 1980, Collection des arts visuels de la Ville de Bienne / Kunstsammlung der Stadt Biel",,,,,,
,,equi-libre-–-stahlkonstruktion-xiix_1979,1979–80,,today,https://www.publics-arts.ch/files/original/3a34164451229bf93059515414d731341ea29da7.jpeg,"Christopher Kilchenmann, 2023",,,,,,
Mariann Grunder,Skulptur I,skulptur-i_1965,1965–66,"ESS-SPA 4, 1966",today,https://www.publics-arts.ch/files/original/d2fdd6d645a074f37b9a46a410510d397dd0b412.jpeg,"Christopher Kilchenmann, 2023","École du Battenberg / Schulhaus Battenberg, chemin de la Pierre-aux-Sarrasins / Heidensteinweg 21, 2504 Bienne / Biel",47.141502,7.278524,"Parc du Palais des Congrès / Park des Kongresshauses, 2502 Bienne / Biel",47.134798,7.2471
,,skulptur-i_1965,1965–66,,hist,https://www.publics-arts.ch/files/original/97bd899709a394a82121c0e32363278c479e9df1.jpeg,"Inconnu / Unbekannt, 1966, Collection des arts visuels de la Ville de Bienne / Kunstsammlung der Stadt Biel",,,,,47.134798,7.2471
Zoltán Kemény,Mécanisme de la Conception,mecanisme-de-la-conception_1964,1964,"ESS-SPA 4, 1966",today,https://www.publics-arts.ch/files/original/3e16e3291ef7ba9339e8f0856c7be23ffdf6d6e0.jpeg,"Christopher Kilchenmann, 2023","Dans le Palais des Congrès / Im Kongresshaus, rue Centrale / Zentralstrasse 60, 2501 Bienne / Biel",47.134964416889126,7.247968656952202,"Dans le Palais des Congrès / Im Kongresshaus, rue Centrale / Zentralstrasse 60, 2502 Bienne / Biel",47.134964416889126,7.247968656952202
,,mecanisme-de-la-conception_1964,1964,,hist,https://www.publics-arts.ch/files/original/e7e93f8fb0b7aacbec1923274c30a9d020396e14.jpg,"Inconnu / Unbekannt, 1966, Collection des arts visuels de la Ville de Bienne / Kunstsammlung der Stadt Biel",,,,,47.134964416889126,7.247968656952202
,,mecanisme-de-la-conception_1964,1964,,today,https://www.publics-arts.ch/files/original/f77865e8b5d35783bb63f3b121fcaf4d5277b938.jpeg,"Christopher Kilchenmann, 2023",,,,,,
,,mecanisme-de-la-conception_1964,1964,,today,https://www.publics-arts.ch/files/original/bfdff48605f2fe138e7d9819b54cc229ecd6ae00.jpeg,"Christopher Kilchenmann, 2023",,,,,,
Bernhard Luginbühl,Rex,rex_1965,1965,"ESS-SPA 4, 1966",today,https://www.publics-arts.ch/files/original/b3a90ee701f898a648cc08e207ad2c10de6211b9.jpg,Bundesamt für Kultur BAK (CC BY NC-ND 3.0),"Istituto Svizzero, Via Ludovisi 48, Rome / Rom, Italie / Italien",41.9063614496824,12.487614629032993,"Devant le Palais de Congrès / Vor dem Kongresshaus, rue Centrale / Zentralstrasse 60, 2501 Bienne / Biel",47.135144,7.248501
,,rex_1965,1965,,hist,https://www.publics-arts.ch/files/original/5f19ecb2cc8272bc92778f8c2683b0d7032c5f34.jpeg,"Inconnu / Unbekannt, 1966, Collection des arts visuels de la Ville de Bienne / Kunstsammlung der Stadt Biel",,,,,47.135144,7.248501
Raffael Benazzi,"Das Loch, Versuch einer unterirdischen plastischen Bewegung",das-loch-versuch-einer-unterirdischen-plastischen-bewegung_1966,1966,"ESS-SPA 4, 1966",today,https://www.publics-arts.ch/files/original/927a4e742e7630b3da93d4aaa4ff15b86bf1b2a4.png,Daniel Hauser / © Bieler Tagblatt,"Parc du Palais des Congrès sous un couvercle en béton / Park des Kongresshauses unter einem Betondeckel, 2502 Bienne / Biel",47.134245,7.247228,"Parc du Palais des Congrès / Park des Kongresshauses, 2502 Bienne / Biel",47.134245,7.247228
,,das-loch-versuch-einer-unterirdischen-plastischen-bewegung_1966,1966,,hist,https://www.publics-arts.ch/files/original/68244bd350901ce4120a2074059b8fb666715761.jpeg,"Inconnu / Unbekannt, 1966, Collection des arts visuels de la Ville de Bienne / Kunstsammlung der Stadt Biel",,,,,47.134245,7.247228
,,das-loch-versuch-einer-unterirdischen-plastischen-bewegung_1966,1966,,hist,https://www.publics-arts.ch/files/original/2667ddcade62468a111d336e95386108d9981322.jpeg,"Inconnu / Unbekannt, 1966, Collection des arts visuels de la Ville de Bienne / Kunstsammlung der Stadt Biel",,,,,,
Erich Müller,Einhorn,einhorn_1952,1952,"ESS-SPA 1, 1954",today,https://www.publics-arts.ch/files/original/a8a29f761f06d607f833c3030d4eafa7e6f0908a.jpeg,"Christopher Kilchenmann, 2023","École Tscharnergut / Schule Tscharnergut, Fellerstrasse 18, 3027 Berne / Bern",46.94785690869979,7.391377633718458,"Collège des Prés-Ritter / Schulhaus Rittermatte, rue Franche / Freiestrasse 45, 2502 Bienne / Biel",47.143529,7.252224
,,einhorn_1952,1952,,hist,https://www.publics-arts.ch/files/original/52b636f51e9ee098c0c1bc314393f2b030c7e596.tif,"Comet Photo AG, 1954, Com_M03-0221-0015, Bibliothèque ETH Zurich, Archives photographiques / ETH-Bibliothek Zürich, Bildarchiv / Public Domain Mark",,,,,47.143529,7.252224
,,einhorn_1952,1952,,today,https://www.publics-arts.ch/files/original/a775e8e09afefe8a0c44dae05f0fbc7dc5afbbc1.jpeg,"Christopher Kilchenmann, 2023",,,,,,
,,einhorn_1952,1952,,hist,https://www.publics-arts.ch/files/original/bb7833016dd806403c74cb2ea0a3ba0a240703c1.tif,"Comet Photo AG, 1954, Com_M03-0221-0015, Bibliothèque ETH Zurich, Archives photographiques / ETH-Bibliothek Zürich, Bildarchiv / Public Domain Mark",,,,,,
Walter Linck,Fontaine,fontaine_1954,1954,"ESS-SPA 1, 1954",today,https://www.publics-arts.ch/files/original/c604714f020d8a1ebb0c0d762c88406924b09364.jpeg,"Christopher Kilchenmann, 2023","École primaire Bethlehemacker / Primarschule Bethlehemacker, Kornweg 101–104, 3027 Berne / Bern",46.94970852365287,7.387500607408399,"Collège des Prés-Ritter / Schulhaus Rittermatte, rue Franche / Freiestrasse 45, 2502 Bienne / Biel",47.143529,7.252224
,,fontaine_1954,1954,,hist,https://www.publics-arts.ch/files/original/46bb3210f8f9a0042f4a9b42d95033ae70cb6e8e.jpg,"Comet Photo AG, 1954, Com_M03-0221-0001, Bibliothèque ETH Zurich, Archives photographiques / ETH-Bibliothek Zürich, Bildarchiv / Public Domain Mark",,,,,47.143529,7.252224
,,fontaine_1954,1954,,today,https://www.publics-arts.ch/s/oedk/media/7360,"Christopher Kilchenmann, 2023",,,,,,
,,fontaine_1954,1954,,today,https://www.publics-arts.ch/files/original/a17b1a284cca6a988210a5d44786263c065a2e59.jpeg,"Christopher Kilchenmann, 2023",,,,,,
Giuliano Pedretti,Nostalgie (Kuh),nostalgie-kuh_1974,1974,"ESS-SPA 6, 1975",today,https://www.publics-arts.ch/files/original/6beee134bc0e09fc8b3ae3b060df3032167c9aac.jpg,"EinDao, 2019 (via Wikimedia Commons, CC BY-SA 4.0)","Près la station RER / Bei der S-Bahn-Station, 4125 Riehen",47.582795,7.652089,"Pont-du-Moulin / Mühlebrücke 5, Bienne / Biel",47.140233,7.243944
,,nostalgie-kuh_1974,1974,,hist,https://www.publics-arts.ch/files/original/65c2e44200b976a3e319cb6f8c7687b7c492a5cb.jpg,"Renate Hügli Roth, 1975",,,,,47.140233,7.243944
,,nostalgie-kuh_1974,1974,,hist,https://www.publics-arts.ch/files/original/5ef9dee2a8c3905250f8650c25c2976b84c84101.jpg,"Inconnu / Unbekannt, 1975, Collection des arts visuels de la Ville de Bienne / Kunstsammlung der Stadt Biel",,,,,,
Erwin Rehmann,Maternité,maternite_1950,1950,"ESS-SPA 1, 1954",today,https://www.publics-arts.ch/files/original/0f9af4aacf789badca4f996692dfe5b154672f0b.jpeg,"Christopher Kilchenmann, 2023","Collège des Prés-Ritter / Schulhaus Rittermatte, rue Franche / Freiestrasse 45, 2502 Bienne / Biel",47.142788,7.252527,"Collège des Prés-Ritter / Schulhaus Rittermatte, rue Franche / Freiestrasse 45, 2502 Bienne / Biel",47.142788,7.252527
,,maternite_1950,1950,,hist,https://www.publics-arts.ch/files/original/9f8192e3e3cb1e7c9d9220a074af2ac248c65b5a.jpeg,"Archives municipales Bienne / Stadtarchiv Biel, Collection de photographies de la police / Polizeifotosammlung, N_701-2-5, 1954",,,,,47.142788,7.252527
,,maternite_1950,1950,,today,https://www.publics-arts.ch/files/original/67c73bd8f204341ff378956f0f5b2db9024a3e08.jpeg,"Christopher Kilchenmann, 2023",,,,,,
,,maternite_1950,1950,,today,https://www.publics-arts.ch/files/original/70cd93899fb16aba83d576e5bbc2da95784e2dcc.jpeg,"Christopher Kilchenmann, 2023",,,,,,
Walter Kretz,Betonstelen,betonstelen_1974,1974,"ESS-SPA 6, 1975",today,https://www.publics-arts.ch/files/original/4da4dfd81fce1259de24bc8ab76447f41cc1de7a.jpg,"WillYs Fotowerkstatt, 2011 (via Wikimedia Commons, CC BY 3.0)","Parc du château de Schadau / Park Schloss Schadau, Seestrasse 45, 3600 Thoun / Thun",46.746255,7.637805,"Promenade de la Suze / Schüsspromenade, 2502 Bienne / Biel",47.137475,7.241219
,,betonstelen_1974,1974,,hist,https://www.publics-arts.ch/files/original/cb9caf5dd41cbc907fdec6df45d6c92cf99de846.jpg,"Source / Quelle: Kunstnachrichten, 1975",,,,,47.137475,7.241219
,,betonstelen_1974,1974,,today,https://www.publics-arts.ch/files/original/f64b17e53e614befbe7deca2a15f792b79a71c14.jpg,"Tobikuehn, 2014 ( via Wikimedia Commons, CC BY-SA 3.0)",,,,,,
,,betonstelen_1974,1974,,hist,https://www.publics-arts.ch/files/original/b581b7713852e4999b4a3108d61f96b49180785c.jpg,"Inconnu / Unbekannt, 1975, Collection des arts visuels de la Ville de Bienne / Kunstsammlung der Stadt Biel",,,,,,
,,betonstelen_1974,1974,,hist,https://www.publics-arts.ch/files/original/0c043b65e5742d482b85b3677fd6fd672ebfc1cc.jpg,"Inconnu / Unbekannt, 1975, Collection des arts visuels de la Ville de Bienne / Kunstsammlung der Stadt Biel",,,,,,
,,betonstelen_1974,1974,,hist,https://www.publics-arts.ch/files/original/67d3cc5e7f806742d0bc537defe5b588318b04fd.jpg,"Inconnu / Unbekannt, 1975, Collection des arts visuels de la Ville de Bienne / Kunstsammlung der Stadt Biel",,,,,,
Olivier Mosset,Untitled (A Paul Cézanne),untitled-a-paul-cezanne_2000,2000,"ESS-SPA 10, 2000",today,https://www.publics-arts.ch/files/original/f72afd9cdbf43df4b807fdd54a7b4cf94e038e78.jpeg,"Christopher Kilchenmann, 2023","Faubourg du Lac (vis-à-vis Kunsthaus / Centre d'Art CentrePasquArt) / Seevorstadt, 2502 Bienne / Biel",47.138506875359,7.240622727,"Parc de jeux gazonné du Palais des Congrès / Spielwiese des Kongresshauses, 2502 Bienne / Biel",47.134556,7.247333
,,untitled-a-paul-cezanne_2000,2000,,hist,https://www.publics-arts.ch/files/original/ae7e16060fa8d73db72a5894946514eb39dd40cc.jpeg,"Claude Joray, 2000",,,,,47.134556,7.247333
,,untitled-a-paul-cezanne_2000,2000,,today,https://www.publics-arts.ch/files/original/a0c4bb186cd5b16a639aaa952139c6c499420549.jpeg,"Christopher Kilchenmann, 2023",,,,,,
Walter Vögeli & Urs Suter,Trojanisches Pferd,trojanisches-pferd_1977,1977–80,"ESS-SPA 7, 1980",today,https://www.publics-arts.ch/files/original/061fff79f2a9edbe706c93f567a835853b46a23a.jpg,"Unschoen, 2022 (via Wikimedia Commons, CC BY-SA 4.0)","École Lutertal / Schulhaus Lutertal, Lutertalstrasse 52, 3065 Bolligen",46.977756,7.494772,"Promenade de la Suze / Schüsspromenade, 2502 Bienne / Biel",47.134222,7.239083
,,trojanisches-pferd_1977,1977–80,,hist,https://www.publics-arts.ch/files/original/8670cd1bf9a758fc282b17f67020aaca85a2c66f.jpg,"Jeanne Chevalier, 1980",,,,,47.134222,7.239083
,,trojanisches-pferd_1977,1977–80,,hist,https://www.publics-arts.ch/files/original/bf205702b1b92b784192e6dea12590244e8b9ea3.jpeg,"Inconnu / Unbekannt, 1980, Collection des arts visuels de la Ville de Bienne / Kunstsammlung der Stadt Biel",,,,,,
Willy Weber,Wasserrohr,wasserrohr_1970,1970,"ESS-SPA 5, 1970",today,https://www.publics-arts.ch/files/original/1b95e623cb7e248ca1336839db0f776b1760aa62.jpeg,"Christopher Kilchenmann, 2023","École du Sahligut / Schulhaus Sahligut, chemin Mettlen / Mettlenweg 9, 2504 Bienne / Biel",47.14674,7.27622,"Devant le Palais des Congrès / Vor dem Kongresshaus, rue Centrale / Zentralstrasse 60, 2501 Bienne / Biel",47.134639,7.247972
,,wasserrohr_1970,1970,,hist,https://www.publics-arts.ch/files/original/8339f9eb3652761d0605ff7a872bfde0eaa64ecf.jpeg,"Inconnu / Unbekannt, 1970, Collection des arts visuels de la Ville de Bienne / Kunstsammlung der Stadt Biel",,,,,47.134639,7.247972
,,wasserrohr_1970,1970,,today,https://www.publics-arts.ch/files/original/50fe75872e12389609aabbea4aad306d58155c59.jpeg,"Christopher Kilchenmann, 2023",,,,,,
,,wasserrohr_1970,1970,,today,https://www.publics-arts.ch/files/original/b8574d1cab5a7dbbd651a3f538fc8e247d9ac291.jpeg,"Christopher Kilchenmann, 2023",,,,,,
Herbert Distel,Findling,findling_1970,1970,"ESS-SPA 5, 1970",today,https://www.danielspoerri.org/giardino/wp-content/uploads/2019/04/artist-work_herbert-distel_76-1400x830.jpg,© Fondazione Daniel Spoerri,"Giardino di Daniel Spoerri, Strada Provinciale Pescina, 58038 Seggiano, Italie / Italien",42.922194,11.570833,"Prés-de-la-Rive / Strandboden, 2503 Bienne / Biel",47.132766,7.23543
,,findling_1970,1970,,hist,https://www.publics-arts.ch/files/original/43b82cf0ff0367932d310f64cc6f7325448fba6a.jpeg,"© Herbert Distel, 1970",,,,,47.132766,7.23543
Kurt Sigrist,Projekt Zeitraum,projekt-zeitraum_1979,1979–80,"ESS-SPA 7, 1980",today,https://www.publics-arts.ch/files/original/183ccf0975b9362fe6043bfbd90d0bde9f6b4ba6.jpg,"Yvonne Schweizer, 2023","Restorout / Autobahnraststätte Gotthard-Nord A2, Dimmerschachenstrasse, 6467 Schattdorf",46.846924,8.633589,,47.133694,7.232556
,,projekt-zeitraum_1979,1979–80,,hist,https://www.publics-arts.ch/files/original/678ff7c4d9bca7920a2b82b58b50be45922f9d81.jpeg,"Jeanne Chevalier, 1980",,,,,47.133694,7.232556
,,projekt-zeitraum_1979,1979–80,,today,https://www.publics-arts.ch/files/original/2f5211d0681b47ffba424899d1c5acf55e361b1a.jpg,"Yvonne Schweizer, 2023",,,,,,
,,projekt-zeitraum_1979,1979–80,,today,https://www.publics-arts.ch/files/original/3a4ab37e7714f15d431281f922b6136e3b6616df.jpg,"Yvonne Schweizer, 2023",,,,,,
Schang Hutter,Vertschaupet,vertschaupet_1980,1980,"ESS-SPA 7, 1980",today,https://www.publics-arts.ch/files/original/c7b8c72637b913befa2660511b433f35d1f1b022.jpg,"Yvonne Schweizer, 2023","Place de la Gare / Bahnhofsplatz, 2502 Bienne / Biel",47.13329,7.243196,"Devant le NMB Nouveau Musée Bienne / Vor dem NMB Neues Museum Biel, Faubourg du Lac / Seevorstadt 52, 2501 Bienne / Biel",47.139111,7.242028
,,vertschaupet_1980,1980,,hist,https://www.publics-arts.ch/files/original/90a2ff5e3abffdd794c86324a9edb36c369c8fb7.jpeg,"Jeanne Chevalier, 1980",,,,,47.139111,7.242028
,,vertschaupet_1980,1980,,today,https://www.publics-arts.ch/files/original/f39ce63915ff432a22dcb705a0ec731c0a818683.jpg,"Yvonne Schweizer, 2023",,,,,,
Angel Duarte,E 1,e-1_1963,1963–70,"ESS-SPA 5, 1970",today,https://www.publics-arts.ch/files/original/c2ec93c5e2c3121df40968eee8ad3d33de2fb41c.jpeg,"Christopher Kilchenmann, 2023","Jardin de la groupe Swatch / Gartenanlage der Swatch Group, Faubourg du Lac / Seevorstadt 6, 2502 Bienne / Biel",47.135638,7.236073,"Jardin de la groupe Swatch / Gartenanlage der Swatch Group, Faubourg du Lac / Seevorstadt 6, 2502 Bienne / Biel",47.135638,7.236073
,,e-1_1963,1963–70,,hist,https://www.publics-arts.ch/files/original/5664da979a432a868c18a2288deb06473d8d91a1.jpeg,"Inconnu / Unbekannt, 1970, Collection des arts visuels de la Ville de Bienne / Kunstsammlung der Stadt Biel",,,,,47.135638,7.236073
,,e-1_1963,1963–70,,today,https://www.publics-arts.ch/files/original/b7e8b36060acbe16bad4d202d599455e7e8e14c0.jpeg,"Christopher Kilchenmann, 2023",,,,,,
,,e-1_1963,1963–70,,today,https://www.publics-arts.ch/files/original/3a7b016060198edbff745fc2e75f55a49ea0fb27.jpeg,"Christopher Kilchenmann, 2023",,,,,,
Peter Kunz,Findlingskopf,findlingskopf_1975,1975,"ESS-SPA 6, 1975",today,https://www.publics-arts.ch/files/original/601c1b42c7d9a2f9c337231b1ab3372cdf16dce9.jpeg,"Christopher Kilchenmann, 2023","Embouchure de la Suze sur la Place du Joran / Schüssmündung am Joranplatz, 2502 Bienne / Biel",47.1321309927446,7.23465133995305,"Chemin de Seefels / Seefelsweg, devant / vor Swatch Group, 2502 Bienne / Biel",47.13518,7.236824
,,findlingskopf_1975,1975,,hist,https://www.publics-arts.ch/files/original/9e67f1ef5f6e49a93bfae1fdbcfd1bf3745f3d11.jpeg,"Inconnu / Unbekannt, 1975, Collection des arts visuels de la Ville de Bienne / Kunstsammlung der Stadt Biel",,,,,47.13518,7.236824
,,findlingskopf_1975,1975,,today,https://www.publics-arts.ch/files/original/afca6a4ab770ccd2c149945c79e8c171cebc23d9.jpeg,"Christopher Kilchenmann, 2023",,,,,,
,,findlingskopf_1975,1975,,today,https://www.publics-arts.ch/files/original/e2f7a35a174ceab0de2b74e81cc658cd14c2f2ba.jpeg,"Christopher Kilchenmann, 2023",,,,,,
Oskar Wiggli,Eisenplastik III (66C),eisenplastik-iii-66c_1974,1974–75,"ESS-SPA 6, 1975",today,https://www.publics-arts.ch/files/original/1875ed65f09eac45ad8c0d6d00dcbcb2dbb88f50.jpg,"Ana Pereira, 2023","Grand Rue 2, 2520 La Neuveville",47.06327597689737,7.091657278270743,"Terrasse de l'eglise / Kirchterrasse, rue Basse / Untergasse 17, 2502 Bienne / Biel",47.14121,7.246641
,,eisenplastik-iii-66c_1974,1974–75,,hist,https://www.publics-arts.ch/files/original/e6edbb76c1a910da08407088799eef470a4906b1.jpg,"Archives / Archiv Märki-Travaglini, 1975",,,,,47.14121,7.246641
,,eisenplastik-iii-66c_1974,1974–75,,hist,https://www.publics-arts.ch/files/original/bcbb873fe7fe7e78219236638db93ce4e57bc6c1.jpg,"Inconnu / Unbekannt, 1975, Collection des arts visuels de la Ville de Bienne / Kunstsammlung der Stadt Biel",,,,,,
,,eisenplastik-iii-66c_1974,1974–75,,hist,https://www.publics-arts.ch/files/original/04d5bfc8194fc701803536496b7ab1c9aef9f93f.jpg,"Inconnu / Unbekannt, 1975, Collection des arts visuels de la Ville de Bienne / Kunstsammlung der Stadt Biel",,,,,,
Henri Presset,Figure Xa,figure-xa_1975,1975,"ESS-SPA 6, 1975",today,https://www.publics-arts.ch/files/original/e0164f3ed6cd27f53bf5df0692d6b641a02425fe.tif,"ETH-Bibliothek Zürich, Kunstinventar (CC BY-SA 4.0)","ETH Hönggerberg, Bâtiment / Gebäude HPP, 8049 Zurich / Zürich",47.407938,8.510396,"Promenade de la Suze / Schüsspromenade, 2502 Bienne / Biel",47.136784,7.240973
,,figure-xa_1975,1975,,hist,https://www.publics-arts.ch/files/original/c624b4f4cdd92ab7eb4a1eb485a609eac42015fc.jpg,"Jeanne Chevalier, 1975",,,,,47.136784,7.240973
Walter Linck,Vegetativ III,vegetativ-iii_1958,1958,"ESS-SPA 2, 1958",today,https://www.publics-arts.ch/files/original/7699048fe5f6b3b9c9a854ee263217ec5e0855a8.jpeg,"Christopher Kilchenmann, 2023","Chapelle du cimetière de Bremgarten, Berne / Kapelle des Bremgartenfriedhof, Bern",46.95008517823468,7.4238084692777315,"Collège des Prés-Ritter / Schulhaus Rittermatte, rue Franche / Freiestrasse 45, 2502 Bienne / Biel",47.143529,7.252224
,,vegetativ-iii_1958,1958,,hist,https://www.publics-arts.ch/files/original/36a0c8f0daa23755b585f4780025d514b4fc41c1.jpeg,"Fonds Jacques Thévoz, 1958, Service des biens culturels, Fribourg / Amt für Kulturgüter, Freiburg, Fonds Recensement des biens culturels Fribourg, RBCF ",,,,,47.143529,7.252224
Ödön Koch,Sculpture,sculpture_1960,1960–61,"ESS-SPA 3, 1962",today,https://www.publics-arts.ch/files/original/1374e8bc1f3deb94891df54fb82f599525282e28.jpeg,"Christopher Kilchenmann, 2023","Prés-de-la-Rive / Strandboden, rue du Débarcadère / Ländtestrasse 4, 2503 Bienne / Biel",47.134088,7.233186,"Prés-de-la-Rive / Strandboden, rue du Débarcadère / Ländtestrasse 4, 2503 Bienne / Biel",47.134088,7.233186
,,sculpture_1960,1960–61,,hist,https://www.publics-arts.ch/files/original/3212279493751be7258d27d2bb6190c782bda4ab.jpeg,"Fonds Jacques Thévoz, 1962, Service des biens culturels, Fribourg / Amt für Kulturgüter, Freiburg, Fonds Recensement des biens culturels Fribourg, RBCF ",,,,,47.134088,7.233186
,,sculpture_1960,1960–61,,today,https://www.publics-arts.ch/files/original/76b90af722c59d2153f9bbc7d5b84dfd21d061a3.jpeg,"Christopher Kilchenmann, 2023",,,,,,
,,sculpture_1960,1960–61,,today,https://www.publics-arts.ch/files/original/94ef9fe0931c8512fa3e5dfe51077b89e4a107be.jpeg,"Christopher Kilchenmann, 2023",,,,,,
,,sculpture_1960,1960–61,,today,https://www.publics-arts.ch/files/original/47d2b75c6b4765716e91a0abdf41026ddaf8d07f.jpeg,"Christopher Kilchenmann, 2023",,,,,,
Ursula Malbin,Femme au poisson,femme-au-poisson_1956,1956,"ESS-SPA 2, 1958",today,https://www.publics-arts.ch/files/original/a0527a52dd23fa148d8891b8c5f2e70459c6f768.jpg,"Rama (via Wikimedia Commons, CC BY-SA 3.0 FR)","Parc des Cropettes, rue Elisabeth-Baulacre, 1202 Genève / Genf",46.212767,6.140196,"Collège des Prés-Ritter / Schulhaus Rittermatte, rue Franche / Freiestrasse 45, 2502 Bienne / Biel",47.143611129169315,7.252429752338304
,,femme-au-poisson_1956,1956,,hist,https://www.publics-arts.ch/files/original/d4391832fe23099966279b94c2ad0cbfc7c1331e.jpeg,"Fonds Jacques Thévoz, 1958, Service des biens culturels, Fribourg / Amt für Kulturgüter, Freiburg, Fonds Recensement des biens culturels Fribourg, RBCF ",,,,,47.143611129169315,7.252429752338304
,,femme-au-poisson_1956,1956,,today,https://www.publics-arts.ch/files/original/757e53fbe173c1946d6fc0899aaaeb818bfc7c09.jpg,"Rama (via Wikimedia Commons, CC BY-SA 3.0 FR)",,,,,,
André Gigon,Grand objet,grand-objet_1958,1958,"ESS-SPA 2, 1958",today,https://www.publics-arts.ch/files/original/89449b3931734d0f40c91b283d408dd6ce15cf50.jpg,"MHM55, 2024 (via Wikimedia Commons, CC BY-SA 4.0)","Bâtiments administratifs / Verwaltungsgebäude, Place Chauderon, Lausanne",46.523411,6.625237,"Collège des Prés-Ritter / Schulhaus Rittermatte, rue Franche / Freiestrasse 45, 2502 Bienne / Biel",47.143529,7.252224
,,grand-objet_1958,1958,,hist,https://www.publics-arts.ch/files/original/f0d23b51552061575350a87d86b597e359451263.jpeg,"Fonds Jacques Thévoz, 1958, Service des biens culturels, Fribourg / Amt für Kulturgüter, Freiburg, Fonds Recensement des biens culturels Fribourg, RBCF ",,,,,47.143529,7.252224
Hans Aeschbacher,Figur I,figur-i_1955,1955,"ESS-SPA 2, 1958",today,https://www.publics-arts.ch/files/original/4c01a8d2d20111044ea765b32076b4d8cd151552.jpeg,"Christopher Kilchenmann, 2023","Collège des Prés-Ritter / Schulhaus Rittermatte, rue Franche / Freiestrasse 45, 2502 Bienne / Biel",47.143314,7.252216,,47.143314,7.252216
,,figur-i_1955,1955,,hist,https://www.publics-arts.ch/files/original/cdd91c3a0c7e701d9bdc8192bf697133f488c212.jpeg,"Fonds Jacques Thévoz, 1958, Service des biens culturels, Fribourg / Amt für Kulturgüter, Freiburg, Fonds Recensement des biens culturels Fribourg, RBCF ",,,,,47.143314,7.252216
,,figur-i_1955,1955,,today,https://www.publics-arts.ch/files/original/bc47cd6b7a31aa6d2b1f11592ee0a863573bed14.jpeg,"Christopher Kilchenmann, 2023",,,,,,
,,figur-i_1955,1955,,hist,https://www.publics-arts.ch/files/original/cdd91c3a0c7e701d9bdc8192bf697133f488c212.jpeg,"Inconnu / Unbekannt, 1958, Collection des arts visuels de la Ville de Bienne / Kunstsammlung der Stadt Biel",,,,,,
,,figur-i_1955,1955,,today,https://www.publics-arts.ch/files/original/792aae838a396a46dcd2aac4812c15eafac34290.jpeg,"Christopher Kilchenmann, 2023",,,,,,
,,figur-i_1955,1955,,today,https://www.publics-arts.ch/files/original/216292c5e17697afc67d02e1bdfd4e8c63172f56.jpeg,"Christopher Kilchenmann, 2023",,,,,,
"Rehmann, Erwin",Kugelraum mit Strahlenkern,kugelraum-mit-strahlenkern_1958,1958,"ESS-SPA 2, 1958",today,https://www.publics-arts.ch/files/original/4b1b47b1738827401f83786aa1a7761ece500220.jpg,"Yvonne Schweizer, 2023","Hôpital cantonal d'Aarau / Kantonsspital Aarau, Tellstrasse 25, Aarau",47.388638254608914,8.060293222014815,"Collège des Prés-Ritter / Schulhaus Rittermatte, rue Franche / Freiestrasse 45, 2502 Bienne / Biel",47.143529,7.252224
,,kugelraum-mit-strahlenkern_1958,1958,,hist,https://www.publics-arts.ch/files/original/526fb7cdfe6c95262c3ecf9dbfc3a2c2347612f4.jpeg,"Fonds Jacques Thévoz, 1958, Service des biens culturels, Fribourg / Amt für Kulturgüter, Freiburg, Fonds Recensement des biens culturels Fribourg, RBCF ",,,,,47.143529,7.252224
,,kugelraum-mit-strahlenkern_1958,1958,,today,https://www.publics-arts.ch/files/original/19267b9b23fdbdcf2e9be4495dd43e83d7d4f46f.jpg,"Yvonne Schweizer, 2023",,,,,,
,,kugelraum-mit-strahlenkern_1958,1958,,today,https://www.publics-arts.ch/files/original/fd9e11f3940c61e26d5036c8d075593bd8b0389a.jpg,"Yvonne Schweizer, 2023",,,,,,
Franz Eggenschwiler,Dreibeiniger Mondaffe,dreibeiniger-mondaffe_1979,1979–80,"ESS-SPA 7, 1980",today,https://www.publics-arts.ch/files/original/c1763dbc1fa482d9f14360545330366467eca25e.jpg,"Lea Lüscher & Stella Paloma Hammes, 2023","École professionnelle d'Olten / Berufsschule Olten, Aarauerstrasse 30, 4600 Olten",47.347667,7.909632,"Prés-de-la-Rive / Strandboden, 2503 Bienne / Biel",47.132281,7.233656
,,dreibeiniger-mondaffe_1979,1979–80,,hist,https://www.publics-arts.ch/files/original/4b3ff94981d1f08b88ba558eaf4d6a6d45ad48ef.jpeg,"Inconnu / Unbekannt, 1980, Collection des arts visuels de la Ville de Bienne / Kunstsammlung der Stadt Biel",,,,,47.132281,7.233656
,,dreibeiniger-mondaffe_1979,1979–80,,hist,https://www.publics-arts.ch/files/original/55a448c3672d9d07eaa1c61c3851e2f7241231f4.jpeg,"Inconnu / Unbekannt, 1980, Collection des arts visuels de la Ville de Bienne / Kunstsammlung der Stadt Biel",,,,,,
Albert Siegenthaler & Gillian White,Südtor / Paradise Lost,suedtor-paradise-lost_1979,1979–80,"ESS-SPA 7, 1980",today,https://www.publics-arts.ch/files/original/9076ed202f32f84c4e039ecf7eab302f8cbe6e84.jpg,"Yvonne Schweizer, 2023","Jardin de la mairie d'Aarau / Rathausgarten Aarau, 5000 Aarau",47.388626,8.045955,"Prés-de-la-Rive, prairie derrière le Gymnase Bienne-Seeland / Strandboden, Wiese hinter Gymnasium Biel-Seeland, rue du Débarcadère / Ländtestrasse 10, 2503 Bienne / Biel",47.133638,7.234357
,,suedtor-paradise-lost_1979,1979–80,,hist,https://www.publics-arts.ch/files/original/e0e78a8888600034319b098e28cfd976d810e561.jpeg,"Inconnu / Unbekannt, 1980, Collection des arts visuels de la Ville de Bienne / Kunstsammlung der Stadt Biel",,,,,47.133638,7.234357
,,suedtor-paradise-lost_1979,1979–80,,today,https://www.publics-arts.ch/files/original/a7ba7443273dd2a202ec32cf7d29c6629fffab94.jpg,"Yvonne Schweizer, 2023",,,,,,
,,suedtor-paradise-lost_1979,1979–80,,hist,https://www.publics-arts.ch/files/original/c2df02929256052c07f4b89e91b3436494be80ba.jpeg,"Inconnu / Unbekannt, 1980, Collection des arts visuels de la Ville de Bienne / Kunstsammlung der Stadt Biel",,,,,,
,,suedtor-paradise-lost_1979,1979–80,,today,https://www.publics-arts.ch/files/original/e2aff98f08ebe914faf9ce498b82e66cc10d70c9.jpg,"Yvonne Schweizer, 2023",,,,,,
,,suedtor-paradise-lost_1979,1979–80,,hist,https://www.publics-arts.ch/files/original/37952d9b7d5f7c8a28f75fb8f20b9b349f4c57d9.jpg,"Jeanne Chevalier, 1980",,,,,,
Willy Wimpfheimer,Figur VII,figur-vii_1986,1986,"ESS-SPA 8, 1986",today,https://www.publics-arts.ch/files/original/0623d0b1772df8fbc5fb91bb2f88897c5004589a.jpg,"Kilian Bannwart, 2023 / SPE Skulpturenpark Ennetbürgen","Parc des sculptures Ennetbürgen / SPE Skulpturenpark, Ennetbürgerstrasse, 6370 Stans",46.966655,8.383887,"Centre-ville de Bienne / Bieler Innenstadt, rue du Nidau / Nidaugasse 62, 2502 Bienne / Biel",47.137912,7.2467
,,figur-vii_1986,1986,,hist,https://www.publics-arts.ch/files/original/cf2b84b57bcf7a52385776a7273e2db174c8f894.jpeg,"Jeanne Chevalier, 1986",,,,,47.137912,7.2467
,,figur-vii_1986,1986,,today,https://www.publics-arts.ch/files/original/42800f0055063e4e267ea6618ced107d6783b5e3.jpg,"Kilian Bannwart, 2023 / SPE Skulpturenpark Ennetbürgen",,,,,,
,,figur-vii_1986,1986,,today,https://www.publics-arts.ch/files/original/8275d23182c97ab73457f760a10bfe8070b552ec.jpg,"Kilian Bannwart, 2023 / SPE Skulpturenpark Ennetbürgen",,,,,,
Kurt Sigrist,Zwei Einsiedeleien,zwei-einsiedeleien_1986,1986,"ESS-SPA 8, 1986",today,https://www.publics-arts.ch/files/original/333ba2178061ad57acd9f8386845011e5d8f527e.tiff,"Fjolla Lajqi, Nadine Sisti, Samira Kurt, 2023","Parcours culturel / Kulturweg Limmat, place de grill Kurt Sigrist / Grillplatz Kurt Sigrist, Webermühle 18, 5432 Neuenhof",47.459711286453754,8.310642412202194,"Rue de Flore / Florastrasse, 2502 Bienne / Biel",47.138405,7.247154
,,zwei-einsiedeleien_1986,1986,,hist,https://www.publics-arts.ch/files/original/d16c11538e945e217ba2822ca3db53ded241ffe9.jpeg,"Jeanne Chevalier, 1986",,,,,47.138405,7.247154
,,zwei-einsiedeleien_1986,1986,,today,https://www.publics-arts.ch/files/original/2948e908ba602d361c87bc0d1e73bee008686605.jpg,"Kurt Sigrist, 2011 (via Wikimedia Commons, CC BY-SA 3.0)",,,,,,
,,zwei-einsiedeleien_1986,1986,,today,https://www.publics-arts.ch/files/original/2ef883beddc487a4aaf381a2a852a4cc5612ca33.jpg,"Kurt Sigrist, 2011 (via Wikimedia Commons, CC BY-SA 3.0)",,,,,,
Santiago Calatrava,Säulen,saeulen_1986,1986,"ESS-SPA 8, 1986",today,https://www.publics-arts.ch/files/original/d2f795778967f691c436dfeb6dfd656b33242b59.png,"Fjolla Lajqi, Nadine Sisti, Samira Kurt, 2023","Gare de Stadelhofen / Bahnhof Stadelhofen, 8001 Zurich / Zürich",47.36671,8.548545,"Rue de l'Union / Unionsgasse, 2501 Bienne / Biel",47.139614,7.244347
,,saeulen_1986,1986,,hist,https://www.publics-arts.ch/files/original/1ab35d327b0cd84f9ae370e659d2be077598e815.jpg,"Archives / Archiv Märki-Travaglini, 1986",,,,,47.139614,7.244347
,,saeulen_1986,1986,,today,https://www.publics-arts.ch/files/original/b99cf3db5d74dd0a806a8c56d3432d313cecf30f.png,"Fjolla Lajqi, Nadine Sisti, Samira Kurt, 2023",,,,,,
,,saeulen_1986,1986,,today,https://www.publics-arts.ch/files/original/449e3f1605302b4b5b9ba9462561fef9c049fd88.png,"Fjolla Lajqi, Nadine Sisti, Samira Kurt, 2023",,,,,,
Carl Bucher,Baalbek,baalbek_1977,1977,"ESS-SPA 7, 1980",today,https://www.publics-arts.ch/files/original/c2a57b16d12b4a54d71befa5f87f20bb318a7bb8.jpg,"Gerardus, 2008 (via Wikimedia Commons, Public Domain)","Devant la mairie / Vor dem Rathaus, Eduard-Weitsch-Weg, 45768 Marl, Allemagne / Deutschland",51.656572,7.09437,"Angle Faubourg du Lac et Promenade de la Suze / Ecke Seevorstadt und Schüsspromenade, 2502 Bienne / Biel",47.139242,7.241791
,,baalbek_1977,1977,,hist,https://www.publics-arts.ch/files/original/1a3d60e4d72be227a78c094d6fe44d0ae3d63a78.jpeg,"Inconnu / Unbekannt, 1980, Collection des arts visuels de la Ville de Bienne / Kunstsammlung der Stadt Biel",,,,,47.139242,7.241791
Robert Lienhard,Cerf volant,cerf-volant_1957,1957,"ESS-SPA 2, 1958",today,https://www.publics-arts.ch/files/original/022f19673837fad9d3575d4e9b08120f7e6a440c.jpg,"EinDao, 2024 (via Wikimedia Commons, CC BY-SA 4.0)","École Hohfurri / Schulhaus Hohfurri, 8408 Winterthour / Winterthur",47.50833206713659,8.696634510606529,"Collège des Prés-Ritter / Schulhaus Rittermatte, rue Franche / Freiestrasse 45, 2502 Bienne / Biel",47.143529,7.252224
,,cerf-volant_1957,1957,,hist,https://www.publics-arts.ch/files/original/48665712c967490802591a1ffef9c6e38e4db3d5.jpeg,"Fonds Jacques Thévoz, 1958, Service des biens culturels, Fribourg / Amt für Kulturgüter, Freiburg, Fonds Recensement des biens culturels Fribourg, RBCF ",,,,,47.143529,7.252224
Remo Rossi,Toro,toro_1953,1953,"ESS-SPA 1, 1954",today,https://www.publics-arts.ch/files/original/c12536bb89342efcb9b5e4935979825a26436ce3.jpg,"AnBuKu, 2020 (via Wikimedia Commons, CC BY-SA 4.0)","En face de l'Office de l'agriculture et de la nature / Gegenüber des Amts für Landwirtschaft und Natur, Molkereistrasse 23, 3052 Zollikofen",46.993249,7.459737,,47.143898,7.251845
,,toro_1953,1953,,hist,https://www.publics-arts.ch/files/original/aecece448a8264aed1e47c81cb9d35ccf0e30043.tif,"Archives municipales Bienne / Stadtarchiv Biel, Collection de photographies de la police / Polizeifotosammlung, N_704-2-1, 1954",,,,,47.143898,7.251845
,,toro_1953,1953,,today,https://www.publics-arts.ch/files/original/486a655be13311f3fe3267b6c34c01dbb44a47ff.jpg,"Gingko, 2011 (via Wikimedia Commons, CC BY 3.0)",,,,,,
,,toro_1953,1953,,today,https://www.publics-arts.ch/files/original/9d052184192000e8c55469e44c843cb73d715cae.jpg,"AnBuKu, 2020 (via Wikimedia Commons, CC BY-SA 4.0)",,,,,,
,,toro_1953,1953,"ESS-SPA 1, 1954",today,https://www.publics-arts.ch/files/original/d76230b9c5e16e644116b05a27b01e23efd2e55c.jpg,"Marco Del Torchio 95, 2024 (via Wikimedia Commons, CC0 1.0 Universal)","Giardino Rusca, 6600 Locarno",46.16969378177144,8.800255586539567,"Collège des Prés-Ritter / Schulhaus Rittermatte, rue Franche / Freiestrasse 45, 2502 Bienne / Biel",47.143898,7.251845
,,toro_1953,1953,,hist,https://www.publics-arts.ch/files/original/aecece448a8264aed1e47c81cb9d35ccf0e30043.tif,"Archives municipales Bienne / Stadtarchiv Biel, Collection de photographies de la police / Polizeifotosammlung, N_704-2-1, 1954",,,,,47.143898,7.251845
Paul Bianchi,Guépard II,guepard-ii_1954,1954,"ESS-SPA 1, 1954",today,https://www.publics-arts.ch/files/original/37e2bd83e320d8b6b268b34cfc37a8278342b916.jpg,"Rama, 2023 (via Wikimedia Commons, CC BY-SA 3.0 FR)","Parc Malagnou / Park Malagnou, 1208 Genève / Genf",46.19895885480339,6.158503808679145,,47.14358261171352,7.252427290601457
,,guepard-ii_1954,1954,,hist,https://www.publics-arts.ch/files/original/33c94274f26410e0819f3acbe59f0717c77498d0.jpg,"© Foto Schmid, 1954",,,,,47.14358261171352,7.252427290601457
Angel Duarte,E 1,e-1_1963,1963–70,"ESS-SPA 5, 1970",today,https://www.publics-arts.ch/files/original/c2ec93c5e2c3121df40968eee8ad3d33de2fb41c.jpeg,"Christopher Kilchenmann, 2023","Jardin de la groupe Swatch / Gartenanlage Swatch Group, Faubourg du Lac / Seevorstadt 6, 2502 Bienne / Biel",47.135638,7.236073,"Jardin de la groupe Swatch / Gartenanlage Swatch Group, Faubourg du Lac / Seevorstadt 6, 2502 Bienne / Biel",47.135638,7.236073
,,e-1_1963,1963–70,,hist,https://www.publics-arts.ch/files/original/5664da979a432a868c18a2288deb06473d8d91a1.jpeg,"Inconnu / Unbekannt, 1970, Collection des arts visuels de la Ville de Bienne / Kunstsammlung der Stadt Biel",,,,,47.135638,7.236073
,,e-1_1963,1963–70,,today,https://www.publics-arts.ch/files/original/b7e8b36060acbe16bad4d202d599455e7e8e14c0.jpeg,"Christopher Kilchenmann, 2023",,,,,,
,,e-1_1963,1963–70,,today,https://www.publics-arts.ch/files/original/3a7b016060198edbff745fc2e75f55a49ea0fb27.jpeg,"Christopher Kilchenmann, 2023",,,,,,
Raffael Benazzi,Figur 1446,figur-1446_1968,1968,"ESS-SPA 5, 1970",today,https://www.publics-arts.ch/files/original/381c5a40ad991f58724c5c1e07b88b80055dbc69.jpeg,"Christopher Kilchenmann, 2023","École du Sahligut / Schulhaus Sahligut, chemin du Chasseur / Jägerweg 1, 2504 Bienne / Biel",47.14616767506378,7.276026374854562,"Parvis du Palais des Congrès / Vorplatz des Kongresshauses, 2501 Bienne / Biel",47.13493870112198,7.2479420208290986
,,figur-1446_1968,1968,,hist,https://www.publics-arts.ch/files/original/c7df7acb7f69efef8bd6c3c4e3cd2eb371d336f8.png,"Source / Quelle: Journal du Jura, 8. Juli 1970, p. / S. 2",,,,,47.13493870112198,7.2479420208290986
Alma Rossini,Jeu d'eau,jeu-deau_1969,1969,"ESS-SPA 5, 1970",today,https://www.publics-arts.ch/files/original/1a4da261a66b81f7cb4ec534be76257091590782.jpeg,"Christopher Kilchenmann, 2023","Rue de l'Argent / Silbergasse 30, 2502 Bienne / Biel",47.134365,7.248316,"Á côté du Palais de Congrès / Neben dem Kongresshaus, rue Centrale / Zentralstrasse 60, 2501 Bienne / Biel",47.13495378548712,7.247954712468487
,,jeu-deau_1969,1969,,hist,https://www.publics-arts.ch/files/original/4341ec170d648538d883105f20fcce033817cfa2.png,"Quelle / Source: L'Express, 22. Juni 1970, p. / S. 11",,,,,47.13495378548712,7.247954712468487
,,jeu-deau_1969,1969,,today,https://www.publics-arts.ch/files/original/e842dc53e2cb00c5d1621b2a07b80a5ce5b30bdd.jpeg,"Christopher Kilchenmann, 2023",,,,,,
,,jeu-deau_1969,1969,,today,https://www.publics-arts.ch/files/original/39216c44b8d8b8e449cc59bfdf15360dd79e9289.jpeg,"Christopher Kilchenmann, 2023",,,,,,
,,jeu-deau_1969,1969,,today,https://www.publics-arts.ch/files/original/17bb297848fae6d54f19d9447dc778d285cf1f3c.jpg,"Andreas Mathys, 2023",,,,,,
Heinz Fiorese,Ballspieler,ballspieler_1954,1954,"ESS-SPA 1, 1954",today,https://www.publics-arts.ch/files/original/b6799cc73a4bd27f4804fa2ae3217af582710a14.jpg,"EinDao, 2020 (via Wikimedia Commons, CC BY-SA 4.0)","Parc Dreirosen / Dreirosenanlage, 4057 Bâle / Basel",47.570396,7.589514,"Collège des Prés-Ritter / Schulhaus Rittermatte, rue Franche / Freiestrasse 45, 2502 Bienne / Biel",47.143573768298296,7.252431832438827
,,ballspieler_1954,1954,,hist,https://www.publics-arts.ch/files/original/3fe7d37ee4c860bad5df65efa69ac18ecdc8bd84.jpg,"Inconnu / Unbekannt, 1954",,,,,47.143573768298296,7.252431832438827
Albert Schilling,Demeter Erinys,demeter-erinys_1954,1954,"ESS-SPA 1, 1954",today,https://www.publics-arts.ch/files/original/aba165e9b491d351b15f2042c8c4af74a4f07479.jpg,"EinDao, 2018 (via Wikimedia Commons, CC BY-SA 4.0)","Trotte Arlesheim, entrée du jardin de paysan et de l'ancien cimetière / Eingang zum Bauerngarten und Alten Friedhof, 4144 Arlesheim",47.49395,7.622284,,47.143573768298296,7.252431832438827
,,demeter-erinys_1954,1954,,hist,https://www.publics-arts.ch/files/original/ec1a968c0d4706dba097893c72ce27c2359bb1d8.jpg,"Inconnu / Unbekannt, 1954",,,,,47.143573768298296,7.252431832438827
,,demeter-erinys_1954,1954,,today,https://www.publics-arts.ch/files/original/1a9fce5d2d5fb6e5b86e259fa228446b47813599.jpg,"EinDao, 2019 (via Wikimedia Commons, CC BY-SA 4.0)",,,,,,
Jakob Probst,Seiltänzerin,seiltaenzerin_1954,1954,"ESS-SPA 1, 1954",today,https://www.publics-arts.ch/files/original/28f4ac4eb2efb2547820eef329079dd0626dad26.jpg,"Rolf Wirz, 2019","FHNW Brugg-Windisch, 2510 Windisch",47.47957,8.213858,"Collège des Prés-Ritter / Schulhaus Rittermatte, rue Franche / Freiestrasse 45, 2502 Bienne / Biel",47.14360483512663,7.252429401596273
,,seiltaenzerin_1954,1954,,hist,https://www.publics-arts.ch/files/original/fba5679be9632e30b641ce2f195bc3101e8e06d6.jpg,"Inconnu / Unbekannt, 1954",,,,,47.14360483512663,7.252429401596273
,,seiltaenzerin_1954,1954,,today,https://www.publics-arts.ch/files/original/a9a697d26b485ba09e99e508840d3310e5e8ec64.jpg,"Rolf Wirz, 2019",,,,,,
,,seiltaenzerin_1954,1954,,today,https://www.publics-arts.ch/files/original/5728b00648fb1b1fdc8db0cbe58b1621f13f95b5.jpg,"Rolf Wirz, 2019",,,,,,
Jakob Probst,Erwachen,erwachen_1954,1954,"ESS-SPA 1, 1954",today,https://www.publics-arts.ch/files/original/4b03984278ae1d2067b037c86caf0426a9af07de.jpg,"Rolf Wirz, 2011","Jardin de l'hôtel de ville / Rathausgarten, 5000 Aarau & Hôpital cantonal de Liestal / Kantonsspital Liestal",47.38890039002489,8.045602850675767,"Collège des Prés-Ritter / Schulhaus Rittermatte, rue Franche / Freiestrasse 45, 2502 Bienne / Biel",47.14360483512663,7.252429401596273
,,erwachen_1954,1954,,hist,https://www.publics-arts.ch/files/original/fba5679be9632e30b641ce2f195bc3101e8e06d6.jpg,"Inconnu / Unbekannt, 1954",,,,,47.14360483512663,7.252429401596273
,,erwachen_1954,1954,,today,https://www.publics-arts.ch/files/original/39a5fd49cb05589bd5a908e4f825fdac431f0034.jpg,"Rolf Wirz, 2011",,,,,,
,,erwachen_1954,1954,,hist,https://www.publics-arts.ch/files/original/f55cecf85aa3fe68f17f948c89f31aee3c56d2c1.tif,"Comet Photo AG, 1954, Com_M03-0221-0005, Bibliothèque ETH Zurich, Archives photographiques / ETH-Bibliothek Zürich, Bildarchiv / Public Domain Mark",,,,,,
,,erwachen_1954,1954,,today,https://www.publics-arts.ch/files/original/063a3c5567214b0890fb7abfb9e1786f4fec894e.jpg,"EinDao, 2019 (via Wikimedia Commons,CC-BY SA 4.0)",,,,,,
Hans Arthur Balmer,Die Baumfee und ihre Tänzerin,die-baumfee-und-ihre-taenzerin_1978,1978,"ESS-SPA 7, 1980",today,https://www.publics-arts.ch/files/original/70e32c29db2bbc08efe336ec2cb49513ca06619e.jpg,"AnBuKu, 2020 (via Wikimedia Commons, CC BY-SA 4.0)",3052 Zollikofen,46.99827973020614,7.4511334689635085,"Promenade de la Suze / Schüsspromenade, 2502 Bienne / Biel",47.137478,7.24118
,,die-baumfee-und-ihre-taenzerin_1978,1978,,hist,https://www.publics-arts.ch/files/original/9d8e1db2a33e8a53ef31fe854c709537aff272bf.jpg,"Jeanne Chevalier, 1980",,,,,47.137478,7.24118
,,die-baumfee-und-ihre-taenzerin_1978,1978,,today,https://www.publics-arts.ch/files/original/033e22887eb46156eb12af7ad55702b94c0c0103.jpg,"AnBuKu, 2020 (via Wikimedia Commons, CC BY-SA 4.0)",,,,,,
Walter Linck,Piano rhythmique,piano-rhythmique_1954,1954,"ESS-SPA 1, 1954",today,https://www.publics-arts.ch/files/original/0595c686e35b15662b1bcb9195d3093d112f29ef.jpg,"AnBuKu, 2019 (via Wikimedia Commons, Attribution)","Hôpital Tiefenau / Tiefenauspital, Tiefenaustrasse 112, 3004 Berne / Bern",46.975155,7.453343,"Collège des Prés-Ritter / Schulhaus Rittermatte, rue Franche / Freiestrasse 45, 2502 Bienne / Biel",47.14360483512663,7.252429401596273
,,piano-rhythmique_1954,1954,,hist,https://www.publics-arts.ch/files/original/0402554375d57397a484c70a15cec22265ed1c20.jpg,"Christian Staub, 1954 ©  Fotostiftung Schweiz",,,,,47.14360483512663,7.252429401596273
,,piano-rhythmique_1954,1954,,today,https://www.publics-arts.ch/files/original/adeec3225b359fdbdb2a3304ab3a1294b617f686.jpg,"AnBuKu, 2019 (via Wikimedia Commons, Attribution)",,,,,,
Franz Fischer,Redner,redner_1954,1954,"ESS-SPA 1, 1954",today,https://www.publics-arts.ch/files/original/b63ea58ecefaa3b6c3bd9d3f6c9624f0ce37e680.jpeg,"Ville de Bienne, Service de la Culture / Stadt Biel, Dienststelle für Kultur","Maison Bloesch / Bloeschhaus, Pont-du-Moulin / Mühlebrücke 5, 2502 Bienne / Biel",47.140524926763945,7.24392033019428,"Collège des Prés-Ritter / Schulhaus Rittermatte, rue Franche / Freiestrasse 45, 2502 Bienne / Biel",47.143529,7.252224
,,redner_1954,1954,,hist,https://www.publics-arts.ch/files/original/2880161270d8ebbc79ba02b6f40ae9fb219e22f2.tif,"Archives municipales Bienne / Stadtarchiv Biel, Collection de photographies de la police / Polizeifotosammlung, N_701-1-1, 1954",,,,,47.143529,7.252224
Hans Aeschbacher,Stier,stier_1947,1947,"ESS-SPA 1, 1954",today,https://www.publics-arts.ch/files/original/4b2b03f4c0846b71e49e7dbf5a66660f7444ac7b.jpg,"Aliman5040, 2009 (via Wikimedia Commons, Attribution)","Prés-de-la-rive / Strandboden, 2503 Bienne / Biel",47.133916,7.232532,,47.14360483512663,7.252429401596273
,,stier_1947,1947,,hist,https://www.publics-arts.ch/files/original/8815470702a97ba7ce509bf1cbce533403d7fd5d.jpg,"Christian Staub, 1954 © Fotostiftung Schweiz; Source / Quelle: Marcel Joray, Schweizer Plastik der Gegenwart, Neuchâtel: Éditions du Griffon 1955, Cat. / Kat. 98",,,,,47.14360483512663,7.252429401596273
Willy Müller-Brittnau & Albert Siegenthaler,Drei Rahmen,drei-rahmen_1970,1970,"ESS-SPA 5, 1970",today,https://www.publics-arts.ch/files/original/46ce9d3cfbf4d58714014d668e538878f0a5a5e7.jpg,"Yvonne Schweizer, 2023","Site de l'hôpital cantonal d'Aarau / Areal des Kantonsspital Aarau, 5001 Aarau",47.389692,8.056999,"Prés-de-la-Rive / Strandboden, 2503 Bienne / Biel",47.133187,7.236545
,,drei-rahmen_1970,1970,,hist,https://www.publics-arts.ch/files/original/972e3571b0ce3e250d1407c3c1ce15fcf6e03182.jpg,"Archives / Archiv Märki-Travaglini, 1970",,,,,47.133187,7.236545
,,drei-rahmen_1970,1970,,today,https://www.publics-arts.ch/files/original/47c249d99bdae6ab72628a7b967bbe3bcf79cd40.jpg,"Yvonne Schweizer, 2023",,,,,,
,,drei-rahmen_1970,1970,,today,https://www.publics-arts.ch/files/original/86a3d17cd1894602d9ff0cefc0586517b51e5b6a.jpg,"Yvonne Schweizer, 2023",,,,,,
René Küng,Grosse Mondleiter,grosse-mondleiter_1979,1979–80,"ESS-SPA 7, 1980",today,https://www.publics-arts.ch/files/original/cba1ac2ba3391da7f5f9fde3b3e5a91372799d48.jpg,"Nicolas Gränacher, 2024","Parvis du théâtre de Bâle / Vorplatz des Theater Basel, Theaterstrasse 7, 4051 Bâle / Basel",47.55327,7.590159,"Faubourg du Lac / Seevorstadt, près du Musée Schwab / beim Museum Schwab, 2502 Bienne / Biel",47.138741,7.241091
,,grosse-mondleiter_1979,1979–80,,hist,https://www.publics-arts.ch/files/original/6744d9fa5457a4fca0eb399444024b2db9ef0943.jpeg,"Inconnu / Unbekannt, 1980, Collection des arts visuels de la Ville de Bienne / Kunstsammlung der Stadt Biel",,,,,47.138741,7.241091
,,grosse-mondleiter_1979,1979–80,,today,https://www.publics-arts.ch/files/original/aa2ba8ab37cf5de93410b3dadbfc44e3e6539804.jpg,"Nicolas Gränacher, 2024",,,,,,
,,grosse-mondleiter_1979,1979–80,,hist,https://www.publics-arts.ch/files/original/298f2cbb68c44871f9edef08b8987288e60707e3.jpeg,"Jeanne Chevalier, 1980",,,,,,
Erwin Rehmann,Organismus,organismus_1952,1952,"ESS-SPA 1, 1954",today,https://www.publics-arts.ch/files/original/bf354e9092f39180388319f823ae7a0b0723b4db.jpg,Matthias Bill / © Bundesamt für Kultur BAK,"Collection d'art fédérale / Bundeskunstsammlung, 3000 Berne / Bern",46.9420961529343,7.449543353974315,"Collège des Prés-Ritter / Schulhaus Rittermatte, rue Franche / Freiestrasse 45, 2502 Bienne / Biel",47.14360483512663,7.252429401596273
,,organismus_1952,1952,,hist,https://www.publics-arts.ch/files/original/023d54edb4ba7ade8d9320593d6639d24d9cc327.tif,"Comet Photo AG, 1954, Com_M03-0221-0004, Bibliothèque ETH Zurich, Archives photographiques / ETH-Bibliothek Zürich, Bildarchiv / Public Domain Mark",,,,,47.14360483512663,7.252429401596273
Bernhard Luginbühl,Matrose,matrose_1978,1978,"ESS-SPA 7, 1980",today,https://www.publics-arts.ch/files/original/f090e2049747ec2e8bfa7ed92b1acfe41e457b96.jpg,"Yvonne Schweizer, 2024","Parc des sculptures Fondation Bernhard Luginbühl / Skulpturenpark Bernhard Luginbühl Stiftung, 3324 Mötschwil",47.049240398041555,7.567726197616105,"Parvis du Gymnase Bienne-Seeland / Vorplatz des Gymnasium Biel-Seeland, rue du Débarcadère / Ländtestrasse 10, 2503 Bienne / Biel",47.132935,7.235685
,,matrose_1978,1978,,hist,https://www.publics-arts.ch/files/original/58ebf9299eaff9c549f8d8717706e533a72a2868.jpeg,"Jeanne Chevalier, 1980",,,,,47.132935,7.235685
,,matrose_1978,1978,,today,https://www.publics-arts.ch/files/original/30812f3f1e2419b026aa8d4c13a1d7f4973208b9.jpg,"Yvonne Schweizer, 2024",,,,,,
Bernhard Luginbühl,Atlas,atlas_1970,1970,"ESS-SPA 5, 1970",today,https://www.publics-arts.ch/files/original/cbf9183f57fcdacf83dc5e92e4b31a5216cdaea4.jpg,"Yvonne Schweizer, 2024","Parc des sculptures Fondation Bernhard Luginbühl / Skulpturenpark Bernhard Luginbühl Stiftung, 3324 Mötschwil",47.049269,7.566906,"Prés-de-la-Rive / Strandboden, rue du Débarcadère / Ländtestrasse, 2503 Bienne / Biel",47.13419,7.2324
,,atlas_1970,1970,,hist,https://www.publics-arts.ch/files/original/e6eec06cdcae3c7f305547bbce50e5382d4b4629.tif,"Heinz Baumann, 1970 © Bibliothèque ETH Zurich, Archives photographiques / ETH-Bibliothek Zürich, Bildarchiv",,,,,47.13419,7.2324
,,atlas_1970,1970,,today,https://www.publics-arts.ch/files/original/7d6516c753d158550f66cb6fda69f3d18c916436.jpg,"Yvonne Schweizer, 2024",,,,,,
,,atlas_1970,1970,,hist,https://www.publics-arts.ch/files/original/cc92c91453a9aec5548abcb0d2247afcd9e990e3.tif,"Heinz Baumann, 1970 © Bibliothèque ETH Zurich, Archives photographiques / ETH-Bibliothek Zürich, Bildarchiv",,,,,,
,,atlas_1970,1970,,today,https://www.publics-arts.ch/files/original/b5c4042c0ef3b094682a367e733fd16b48c1ce75.jpg,"Yvonne Schweizer, 2024",,,,,,
,,atlas_1970,1970,,hist,https://www.publics-arts.ch/files/original/f1234bbd0f2d0d09ad44d3f60687571d1ea9b19c.tif,"Heinz Baumann, 1970 © Bibliothèque ETH Zurich, Archives photographiques / ETH-Bibliothek Zürich, Bildarchiv",,,,,,
Bernhard Luginbühl,Grosser Boss,grosser-boss_1972,1972–75,"ESS-SPA 6, 1975",today,https://www.publics-arts.ch/files/original/75225e7f336db9061deba2350ca7329c5749d9d6.jpg,"Yvonne Schweizer, 2024","Parc des sculptures Fondation Bernhard Luginbühl / Skulpturenpark Bernhard Luginbühl Stiftung, 3324 Mötschwil",47.049269,7.566906,"Á l'angle de la Promenade de la Suze et du Faubourg du Lac / Ecke Schüsspromenade zu Seevorstadt, 2502 Bienne / Biel",47.13913,7.241804
,,grosser-boss_1972,1972–75,,hist,https://www.publics-arts.ch/files/original/ad9144a689d3333385a4e59d469c6d5d7168575b.jpg,"Jeanne Chevalier, 1975 © Fondation Bernhard Luginbühl / Bernhard Luginbühl Stiftung",,,,,47.13913,7.241804
,,grosser-boss_1972,1972–75,,today,https://www.publics-arts.ch/files/original/02a16bd379bf2ec7e6fe85d737892d4bd9270f42.jpg,"Yvonne Schweizer, 2024",,,,,,
,,grosser-boss_1972,1972–75,,today,https://www.publics-arts.ch/files/original/3349e85d1c7b2223375a621520229c23019af40e.jpg,"Yvonne Schweizer, 2024",,,,,,
Silvio Mattioli,Komposition,komposition_1968,1968–69,"ESS-SPA 5, 1970",today,https://www.publics-arts.ch/files/original/006075a714bb611ee1f849051a37e2364b435a09.jpg,"JoachimKohlerBremen, 2016 (via Wikimedia Commons, CC BY-SA 4.0)","Parc de l'assurance AXA / Park der AXA Versicherung, Römerstrasse 17, 8400 Winterthur",47.500703,8.735472,"Prés-de-la-Rive / Strandboden, 2503 Bienne / Biel",47.133809,7.232817
,,komposition_1968,1968–69,,hist,https://www.publics-arts.ch/files/original/92662634b406f815187a9d8131703e4f946bc219.jpg,"Inconnu / Unbekannt, 1970, Collection des arts visuels de la Ville de Bienne / Kunstsammlung der Stadt Biel",,,,,47.133809,7.232817
,,komposition_1968,1968–69,,hist,https://www.publics-arts.ch/files/original/bcd83e8c100138631ed8d45342ed6eeb2f2812be.jpg,"Inconnu / Unbekannt, 1970, Collection des arts visuels de la Ville de Bienne / Kunstsammlung der Stadt Biel",,,,,,
Walter Linck,Mobile II,mobile-ii_1970,1970,"ESS-SPA 5, 1970",today,https://www.publics-arts.ch/files/original/d62f908aa5a72306d567a6ff41a51ae7e5ec2611.png,"Seraina Peer, 2024","Cour de récréation de l'école secondaire / Pausenplatz der Sekundarschule, Schulhausstrasse 32, 3052 Zollikofen",46.99868,7.452577,"Parc du Palais des Congrès / Park des Kongresshauses, 2502 Bienne / Biel",47.13433,7.247118
,,mobile-ii_1970,1970,,hist,https://www.publics-arts.ch/files/original/3733a9bad9935cf486cca5ec1f393cb3163c2167.jpeg,"Inconnu / Unbekannt, 1970, Collection des arts visuels de la Ville de Bienne / Kunstsammlung der Stadt Biel",,,,,47.13433,7.247118
,,mobile-ii_1970,1970,,today,https://www.publics-arts.ch/files/original/eb761021d50c256eb7fe4e1d93a7024d20d2f673.png,"Seraina Peer, 2024",,,,,,
André Ramseyer,La Vague,la-vague_1957,1957–58,"ESS-SPA 2, 1958",today,https://www.publics-arts.ch/files/original/d78242bd91f320f805a8d750be56e49e495b0356.jpeg,"Christopher Kilchenmann, 2023","École des Tilleuls / Schulhaus Linde, chemin des Cordiers / Seilerweg 64, 2503 Bienne / Biel",47.138201,7.265467,"Collège des Prés-Ritter / Schulhaus Rittermatte, rue Franche / Freiestrasse 45, 2502 Bienne / Biel",47.14359654744093,7.252419653717993
,,la-vague_1957,1957–58,,hist,https://www.publics-arts.ch/files/original/9cf566cc4892f377411beac0b989244dd7b08d85.jpg,"Fonds Jacques Thévoz, 1958, Service des biens culturels, Fribourg / Amt für Kulturgüter, Freiburg, Fonds Recensement des biens culturels Fribourg, RBCF ",,,,,47.14359654744093,7.252419653717993
,,la-vague_1957,1957–58,,today,https://www.publics-arts.ch/files/original/6ea750a6558fb8216c030494e135d57d2f077b52.jpeg,,,,,,,
,,la-vague_1957,1957–58,,today,https://www.publics-arts.ch/files/original/092f08d05b2ef517ab7a25063b0b17429cde2f3e.jpeg,,,,,,,
Henri Presset,Figure XIIa,figure-xiia_1975,1975,"ESS-SPA 6, 1975",today,https://www.publics-arts.ch/files/original/0b597d0e1f2ceda87bd8abf4e4712dc90866398d.jpg,"Rama, 2022/23 (via Wikimedia Commons, CC BY-SA 4.0, MHM55)","Jetée des Pâquis, 1201 Genève / Genf",46.211405,6.152945,"Promenade de la Suze / Schüsspromenade, 2502 Biel / Bienne",47.136575,7.24089
,,figure-xiia_1975,1975,,hist,https://www.publics-arts.ch/files/original/fb3103abfe834acc21daf68fd93649164762c8a7.jpg,"Source / Quelle: Jean Mohr, Gazzette de Lausanne, 20.7.1975",,,,,47.136575,7.24089
,,figure-xiia_1975,1975,,today,https://www.publics-arts.ch/files/original/e576ac21a1fc046d31d7afd0ebf2753e4b0f1259.jpg,"Rama, 2022/23 (via Wikimedia Commons, CC BY-SA 4.0, MHM55)",,,,,,
,,figure-xiia_1975,1975,,hist,https://www.publics-arts.ch/files/original/8c4b967b747c985b5d93766a59dd55fad369b2c1.jpg,"Inconnu / Unbekannt, 1975, Collection des arts visuels de la Ville de Bienne / Kunstsammlung der Stadt Biel",,,,,,
Albert Siegenthaler,Dialogue,dialogue_1970,1970,"ESS-SPA 5, 1970",today,https://www.publics-arts.ch/files/original/6ee2af8ceba36d5a5beeb13931b6dac515fc6ede.png,"Seraina Peer, 2024","École Prés Walker / Schulhaus Walkermatte,  chemin du Triangle / Dreiangelweg 12, 2502 Bienne / Biel",47.144509,7.243834,"Prés-de-la-Rive / Strandboden, 2503 Bienne / Biel",47.133187,7.236545
,,dialogue_1970,1970,,hist,https://www.publics-arts.ch/files/original/383dfd6063b71f0d724edbab013d0c61008caf7a.jpg,"Archives / Archiv Märki-Travaglini, 1970",,,,,47.133187,7.236545
,,dialogue_1970,1970,,today,https://www.publics-arts.ch/files/original/0ed41001445cad0fe7db52eaf08f466e458b5e99.png,"Seraina Peer, 2024",,,,,,
,,dialogue_1970,1970,,hist,https://www.publics-arts.ch/files/original/ea0f1abda80ab9ff1f8cef8a9b50b03d45baf00c.jpeg,"Archives / Archiv Märki-Travaglini, 1970",,,,,,
,,dialogue_1970,1970,,today,https://www.publics-arts.ch/files/original/5c26c705eea5ad38fdab0898c050ee6c942fe5d9.png,"Seraina Peer, 2024",,,,,,
,,dialogue_1970,1970,,today,https://www.publics-arts.ch/files/original/abcd4d9125864fd98875d95dac44748731e5ce0c.png,"Seraina Peer, 2024",,,,,,
Bernhard Luginbühl,Grosse Aggression,grosse-aggression_1961,1961,"ESS-SPA 3, 1962",today,https://www.publics-arts.ch/files/original/51922eb5f72cd3ba2792ff8f175c700abe365045.jpeg,"Ville de Bienne, Service de la Culture / Stadt Biel, Dienststelle für Kultur","École de la Champagne / Schulhaus Champagne, allée de la Champagne / Champagneallee 1, 2502 Bienne / Biel",47.145859,7.25963,"Prés-de-la-Rive / Strandboden, 2503 Bienne / Biel",47.133169,7.232247
,,grosse-aggression_1961,1961,,hist,https://www.publics-arts.ch/files/original/4b4fa61adb98afff896bb351e05f1a19124ed52c.jpg,"Fonds Jacques Thévoz, 1962, Service des biens culturels, Fribourg / Amt für Kulturgüter, Freiburg, Fonds Recensement des biens culturels Fribourg, RBCF ",,,,,47.133169,7.232247
Ödön Koch,Zweiteilige Skulptur,zweiteilige-skulptur_1965,1965–66,"ESS-SPA 4, 1966",today,https://www.publics-arts.ch/files/original/3d719f5dd232e5248d400a2d072575837069f357.jpg,"Andreas Bachmann, 2024","Promenadenweg, 2532 Evilard-Macolin / Leubringen-Magglingen",47.139917,7.21125,"Parc du Palais des Congrès / Park des Kongresshauses, 2501 Bienne / Biel",47.13492,7.247164
,,zweiteilige-skulptur_1965,1965–66,,hist,https://www.publics-arts.ch/files/original/5ed0b0939bd4868bdca9ee873e9926869e1ae864.jpg,"Jürg Rihs, 1966",,,,,47.13492,7.247164
,,zweiteilige-skulptur_1965,1965–66,,today,https://www.publics-arts.ch/files/original/083bb811dba9e0ca6988b746a316a39991b5ff65.jpg,"Andreas Bachmann, 2024",,,,,,
,,zweiteilige-skulptur_1965,1965–66,,hist,https://www.publics-arts.ch/files/original/a05fe888d94613fdfcc9a23730f1eb0aa17beb47.jpg,"Inconnu / Unbekannt, 1966, Collection des arts visuels de la Ville de Bienne / Kunstsammlung der Stadt Biel",,,,,,
,,zweiteilige-skulptur_1965,1965–66,,today,https://www.publics-arts.ch/files/original/766b0926576277d677023d568e69c7a5390f1b41.jpg,"Andreas Bachmann, 2024",,,,,,
,,zweiteilige-skulptur_1965,1965–66,,hist,https://www.publics-arts.ch/files/original/de4fa8cfde1f25e8d8fe430f67fe9d4d0365c00b.jpg,"Inconnu / Unbekannt, 1966, Collection des arts visuels de la Ville de Bienne / Kunstsammlung der Stadt Biel",,,,,,
,,zweiteilige-skulptur_1965,1965–66,,hist,https://www.publics-arts.ch/files/original/8778b561b9a5ea4aaecd52729b6806a265bb4954.jpg,"Inconnu / Unbekannt, 1966, Collection des arts visuels de la Ville de Bienne / Kunstsammlung der Stadt Biel",,,,,,
Angel Duarte,E 7 G,e-7-g_1964,1964–70,"ESS-SPA 5, 1970",today,https://www.publics-arts.ch/files/original/1feddbfaf9f6f9c7746832045d2d5a99fcbf09f1.png,,"Piscine du Château, chemin du Château 30, 2720 Tramelan",47.227590602497465,7.1244861730644455,"Prés-de-la-Rive, au bord du lac / Strandboden am Seeufer, 2503 Bienne / Biel",47.13245,7.233271
,,e-7-g_1964,1964–70,,hist,https://www.publics-arts.ch/files/original/a15fd768181bdc304b16368629ba5d7910fcd68e.jpg,"Archives / Archiv Märki-Travaglini, 1970",,,,,47.13245,7.233271
,,e-7-g_1964,1964–70,,hist,https://www.publics-arts.ch/files/original/cd59e6684c8bc4fa688695604e8dcfe0b2cf5051.tif,"Heinz Baumann, 1970 © Bibliothèque ETH Zurich, Archives photographiques / ETH-Bibliothek Zürich, Bildarchiv",,,,,,
Walter Bodmer,Eisenplastik,eisenplastik_1954,1954,"ESS-SPA 1, 1954",today,https://www.publics-arts.ch/files/original/eb7841cfee85b5e2f0d965f55f5d2c166e5a9d56.jpg,"Christopher Kilchenmann, 2023","Ecole des Tilleuls / Schulhaus Linde, chemin des Cordiers / Seilerweg 64, 2503 Bienne / Biel",47.138154,7.264749,"Collège des Prés-Ritter / Schulhaus Rittermatte, rue Franche / Freiestrasse 45, 2502 Bienne / Biel",47.14359654744093,7.252419653717993
,,eisenplastik_1954,1954,,hist,https://www.publics-arts.ch/files/original/1feddbfaf9f6f9c7746832045d2d5a99fcbf09f1.png,,,,,,47.14359654744093,7.252419653717993
,,eisenplastik_1954,1954,,today,https://www.publics-arts.ch/files/original/cf17dab87e4301696322517912c17a12de5483aa.jpg,"Christopher Kilchenmann, 2023",,,,,,
,,eisenplastik_1954,1954,,today,https://www.publics-arts.ch/files/original/0bb6c64e43e778a326543b95075e0dd703444e76.jpg,"Christopher Kilchenmann, 2023",,,,,,
,,eisenplastik_1954,1954,,today,https://www.publics-arts.ch/files/original/f9fed565be1c99dd4edbd7f4794343b688c56653.jpg,"Christopher Kilchenmann, 2023",,,,,,
,,eisenplastik_1954,1954,,today,https://www.publics-arts.ch/files/original/172290496b4292afe31c00a31a1088f1174443a3.jpg,"Christopher Kilchenmann, 2023",,,,,,
"Berner Arbeitsgemeinschaft (Eggenschwiler, Vetter, Wälti, Kunz)",Moorgarten aus Baumelementen,moorgarten-aus-baumelementen_1975,1975,"ESS-SPA 6, 1975",today,https://www.publics-arts.ch/files/original/1feddbfaf9f6f9c7746832045d2d5a99fcbf09f1.png,,"APP Bienne-Seeland / BVS Biel Seeland, chemin de la Ciblerie / Scheibenweg 45, 2503 Bienne / Biel",47.137768,7.26815,"APP Bienne-Seeland / BVS Biel Seeland, chemin de la Ciblerie / Scheibenweg 45, 2503 Bienne / Biel",47.137768,7.26815
,,moorgarten-aus-baumelementen_1975,1975,,hist,https://www.publics-arts.ch/files/original/32321039a97fb9f3a8945f34e8a554c8d7e42c0d.jpg,"Jeanne Chevalier, 1975",,,,,47.137768,7.26815
Walter Kretz,Schrein,schrein_1979,1979,"ESS-SPA 7, 1980",today,https://www.publics-arts.ch/files/original/9459320caac59dd126de62f00285b72a76cbf7dd.jpg,"AnBuKu, 2019 (via Wikimedia Commons, CC BY-SA 4.0)","Piscine du Marzili, espace vert sous le pont Monbijou / Marzilibad, Grünfläche unter der Monbijoubrücke, Bern",46.94497,7.445484,,,
,,schrein_1979,1979,,hist,https://www.publics-arts.ch/files/original/1feddbfaf9f6f9c7746832045d2d5a99fcbf09f1.png,,,,,,,
,,schrein_1979,1979,,today,https://www.publics-arts.ch/files/original/71c93ef404942f312c4e01929d63056cec219f9d.jpg,,,,,,,
,,schrein_1979,1979,,today,https://www.publics-arts.ch/files/original/c16f24724b8910fbf1b56fa370f5ff3a9694bc28.jpg,,,,,,,
,,schrein_1979,1979,,today,https://www.publics-arts.ch/files/original/0ccd0184bf4fdf21de014ffc26d6bf1933b2772b.jpg,,,,,,,
Emile Angeloz,Élement en 3 pièces,element-en-3-pieces_1978,1978,"ESS-SPA 7, 1980",today,https://www.publics-arts.ch/files/original/028fa9667f6ca7186d6ea33501646c12980e5ada.jpg,"Veronika Malaschonok, 2023","Jardin du Musée d'art et d'histoire / Garten des Museums für Kunst und Geschichte, rue de Morat 12, 1700 Fribourg / Freiburg",46.807634,7.159806,"Faubourg du Lac / Seevorstadt, 2502 Bienne / Biel",47.139704,7.242923
,,element-en-3-pieces_1978,1978,,hist,https://www.publics-arts.ch/files/original/1feddbfaf9f6f9c7746832045d2d5a99fcbf09f1.png,,,,,,47.139704,7.242923
Hermann Hubacher,Sich kämmendes Mädchen,sich-kaemmendes-maedchen_1955,1955,"ESS-SPA 2, 1958",today,https://www.publics-arts.ch/files/original/e447feaf3375840a0aee582f3afb39fa3409cdbe.jpeg,"Christopher Kilchenmann, 2023","Collège des Prés-Ritter / Schulhaus Rittermatte, rue Franche / Freiestrasse 45, 2502 Bienne / Biel",47.143119,7.252224,"Collège des Prés-Ritter / Schulhaus Rittermatte, rue Franche / Freiestrasse 45, 2502 Bienne / Biel",47.143119,7.252224
,,sich-kaemmendes-maedchen_1955,1955,,hist,https://www.publics-arts.ch/files/original/1feddbfaf9f6f9c7746832045d2d5a99fcbf09f1.png,,,,,,47.143119,7.252224
,,sich-kaemmendes-maedchen_1955,1955,,today,https://www.publics-arts.ch/files/original/1beeffe3cf5750186bb237488d23769bf91b1bb1.jpeg,"Christopher Kilchenmann, 2023",,,,,,
,,sich-kaemmendes-maedchen_1955,1955,,today,https://www.publics-arts.ch/files/original/d54bc295ea1502ab9fe192d45468a8c49f0e45dc.jpeg,"Christopher Kilchenmann, 2023",,,,,,
,,sich-kaemmendes-maedchen_1955,1955,,today,https://www.publics-arts.ch/files/original/c725ed6c79e01f905889f5c8cee693c131f68018.jpeg,"Christopher Kilchenmann, 2023",,,,,,
Arnold Huggler,Ours,ours_1958,1958,"ESS-SPA 2, 1958",today,https://www.publics-arts.ch/files/original/6e62e8fd01943885c9e313307d2558adc289d686.jpeg,"Christopher Kilchenmann, 2023","Jardin d'enfants Prés-Ritter / Kindergarten Rittermatte, rue Karl-Stauffer / Karl-Stauffer-Strasse 10, 2502 Bienne / Biel",47.143242,7.253502,"Collège des Prés-Ritter / Schulhaus Rittermatte, rue Franche / Freiestrasse 45, 2502 Bienne / Biel",47.143119,7.252224
,,ours_1958,1958,,hist,https://www.publics-arts.ch/files/original/1feddbfaf9f6f9c7746832045d2d5a99fcbf09f1.png,,,,,,47.143119,7.252224
,,ours_1958,1958,,today,https://www.publics-arts.ch/files/original/32aba70773c029f0b2ea2a56f1ff3a5d706ac5a5.jpeg,"Christopher Kilchenmann, 2023",,,,,,
Max Weiss,Kyra – Grosse Liegende,kyra-–-grosse-liegende_1961,1961,"ESS-SPA 3, 1962",today,https://www.publics-arts.ch/files/original/8f7fba5479bcffa2d11a6a6568d2537f71ffbbba.jpeg,"Christopher Kilchenmann, 2023","Devant le Palais de Congrès / Vor dem Kongresshaus, rue Centrale / Zentralstrasse 60, 2501 Bienne / Biel",47.134967849720205,7.248450984301633,"Prés-de-la-Rive / Strandboden, 2503 Bienne / Biel",47.134743,7.23122
,,kyra-–-grosse-liegende_1961,1961,,hist,https://www.publics-arts.ch/files/original/39a6feb12f9dffc29bb25fad1cb9de8b699a2218.jpg,"inconnu / unbekannt, 1962, source / Quelle: Marcel Joray, Schweizer Plastik der Gegenwart, Neuchâtel: Éditions du Griffon 1967, Cat. / Kat. 507",,,,,47.134743,7.23122
,,kyra-–-grosse-liegende_1961,1961,,today,https://www.publics-arts.ch/files/original/2636a0aa674948f52571a3084f8cbbb03f399095.jpeg,"Christopher Kilchenmann, 2023",,,,,,
,,kyra-–-grosse-liegende_1961,1961,,today,https://www.publics-arts.ch/files/original/10901af32cc4c05b006882726533ff5c6db01c4b.jpeg,"Christopher Kilchenmann, 2023",,,,,,
Ödön Koch,Le Silence,le-silence_1970,1970,"ESS-SPA 5, 1970",today,https://www.publics-arts.ch/files/original/47389e15fe471bb34af20dfd5b2d56d08584a2ea.jpg,"Micha L. Rieser, 2014 (via Wikimedia Commons, Attribution)","Devant l'école Langmatt / Vor dem Schulhaus Langmatt, Nagelfluhweg, 8053 Zürich",47.35601336409653,8.587019746626604,"Prés-de-la-Rive / Strandboden, 2503 Bienne / Biel",47.13397,7.233702
,,le-silence_1970,1970,,hist,https://www.publics-arts.ch/files/original/24ab976091d66088b6b64c962d93496af3afcb66.png,"inconnu / unbekannt, 1970, source / Quelle: Marcel Joray, La sculpture moderne en Suisse, Neuchâtel: Éditions du Griffon 1989, Cat. / Kat. 30",,,,,47.13397,7.233702
,,le-silence_1970,1970,,today,https://www.publics-arts.ch/files/original/110cc6735c732028d805c4d4f03fdc9cde370d85.jpg,"Micha L. Rieser, 2014 (via Wikimedia Commons, Attribution)",,,,,,
Paul Talman,Konkaver Wald,konkaver-wald_1975,1975–1980,"ESS-SPA 6, 1975 / ESS-SPA 7, 1980",today,https://www.publics-arts.ch/files/original/9257d75e268e97ca71fed7e6b0d6446412e1a25a.jpeg,"Inconnu / Unbekannt, Collection des arts visuels de la Ville de Bienne / Kunstsammlung der Stadt Biel, sans date / ohne Datum","Cour intérieure du Centre de formation professionnelle / Innenhof des Berufbildungszentrum, côté rue Feldeck / Seite Feldeckstrasse, 2502 Bienne / Biel",47.14540398573993,7.254445293611049,"Cour intérieur de l'école professionnelle Bienne / Innenhof der Gewerbeschule Biel, rue du Wasen / Wasenstrasse 1, 7, 9, 2502 Bienne / Biel",47.14540398573993,7.254445293611049
,,konkaver-wald_1975,1975–1980,,hist,https://www.publics-arts.ch/files/original/434afb53ba8a199ffc7cf43c3ad1b15c1e74b455.jpg,"Source / Quelle: Margrit Baumann, 1980",,,,,47.14540398573993,7.254445293611049
,,konkaver-wald_1975,1975–1980,,today,https://www.publics-arts.ch/files/original/eb6eb394ca92049b8244e8f903cd94fbf24f7c81.jpeg,"Inconnu / Unbekannt, Collection des arts visuels de la Ville de Bienne / Kunstsammlung der Stadt Biel, sans date / ohne Datum",,,,,,
Willy Weber,"See, O.K.",see-ok_1977,1977,"ESS-SPA 7, 1980",today,https://www.publics-arts.ch/files/original/b0e97e8bd6c2569cf7baa82499cef28605bf37c7.jpeg,"Christopher Kilchenmann, 2023","Terrain des sports universitaires de Berne / Gelände Universitätssport Bern, Neubrückstrasse 155, 3012 Berne / Bern",46.96238,7.432261,"Faubourg du Lac / Seevorstadt, 2502 Bienne / Biel",47.137587,7.238931
,,see-ok_1977,1977,,hist,https://www.publics-arts.ch/files/original/310916c3f48abd08879a4926138a7e57f4a1d137.jpg,"inconnu / unbekannt, 1980, Collection des arts visuels de la Ville de Bienne / Kunstsammlung der Stadt Biel, sans date / ohne Datum",,,,,47.137587,7.238931
,,see-ok_1977,1977,,today,https://www.publics-arts.ch/files/original/98399537b1dd59186fabf99976e9c7f22d7d8000.jpeg,"Christopher Kilchenmann, 2023",,,,,,
,,see-ok_1977,1977,,hist,https://www.publics-arts.ch/files/original/f7aede42f9a8a95fba1b5c1c55c6b65e6e078f9c.jpg,"inconnu / unbekannt, 1980, Collection des arts visuels de la Ville de Bienne / Kunstsammlung der Stadt Biel, sans date / ohne Datum",,,,,,
,,see-ok_1977,1977,,today,https://www.publics-arts.ch/files/original/1df417fa1c620b0e70c06cb3fa5d269a61593496.jpeg,"Christopher Kilchenmann, 2023",,,,,,
Peter Travaglini,Haken-Cat,haken-cat_1974,1974,"ESS-SPA 6, 1975",today,https://www.publics-arts.ch/files/original/1feddbfaf9f6f9c7746832045d2d5a99fcbf09f1.png,,"Aula dans le bâtiment scolaire IV / Aula im Schulhaus IV, Schulstrasse 35, 2540 Grenchen",47.19279582017559,7.391080971195628,"Faubourg du Lac / Seevorstadt (vis-à-vis Centre d'Art / Kunsthaus PasquArt), 2502 Bienne / Biel",47.138508,7.24063
,,haken-cat_1974,1974,,hist,https://www.publics-arts.ch/files/original/7c76e7c3cd5152e9c2d6aac8195cc59fd2b87f3d.jpg,"Jeanne Chevalier, 1975",,,,,47.138508,7.24063
,,haken-cat_1974,1974,,hist,https://www.publics-arts.ch/files/original/de4000dc55bc451106f2097cfdaf319b1a0d2cb9.jpg,"Archives / Archiv Märki-Travaglini, 1975",,,,,,
,,haken-cat_1974,1974,,hist,https://www.publics-arts.ch/files/original/e2daa2897be43b78ed44a8be720d16adc99d6dbb.jpeg,"inconnu / unbekannt, 1975, Collection des arts visuels de la Ville de Bienne / Kunstsammlung der Stadt Biel, sans date / ohne Datum",,,,,,
Ödön Koch,Figur I,figur-i_1957,1957,"ESS-SPA 2, 1958",today,https://www.publics-arts.ch/files/original/b117a84d866b4be14d08a4084a7234a2b4974403.jpg,"Gerardus, 2008 (via Wikimedia Commons, Public Domain)","Musée Kröller-Müller / Kröller-Müller Museum, Parc des sculptures / Skulpturenpark, Houtkampweg 6, 6731 AW Otterlo, Pays Bas / Niederlande",52.095918,5.816587,"Collège des Prés-Ritter / Schulhaus Rittermatte, rue Franche / Freiestrasse 45, 2502 Bienne / Biel",47.143584567572056,7.252427079614931
,,figur-i_1957,1957,,hist,https://www.publics-arts.ch/files/original/1feddbfaf9f6f9c7746832045d2d5a99fcbf09f1.png,,,,,,47.143584567572056,7.252427079614931
Mariann Grunder,Element A,element-a_1970,1970,"ESS-SPA 5, 1970",today,https://www.publics-arts.ch/files/original/1feddbfaf9f6f9c7746832045d2d5a99fcbf09f1.png,,"Cour de l'école secondaire / Hof der Sekundarschule, rue de Collège 1, 2740 Moutier",47.279657,7.368422,"Prés-de-la-Rive / Strandboden, 2503 Bienne / Biel",47.133169,7.232247
,,element-a_1970,1970,,hist,https://www.publics-arts.ch/files/original/2eab15bd6569cd054eff6f9690e443cd43e75bca.jpg,"Jeanne Chevalier, 1970",,,,,47.133169,7.232247
Willy Müller-Brittnau & Albert Siegenthaler,Grosser Rahmen,grosser-rahmen_1970,1970,"ESS-SPA 5, 1970",today,https://www.publics-arts.ch/files/original/1feddbfaf9f6f9c7746832045d2d5a99fcbf09f1.png,,"Lycée professionelle André-Argouges, 61 rue Léon Jouhaux, 38100 Grenoble, France",45.17668,5.745499,,47.132641,7.235136
,,grosser-rahmen_1970,1970,,hist,https://www.publics-arts.ch/files/original/56f826e2f30c04568fc81336539c8f983454c472.jpg,"Archives / Archiv Märki-Travaglini, 1970",,,,,47.132641,7.235136
