id,hist-today,img_url,img_credits
intervolume-cuborama_1985,today,https://www.publics-arts.ch/files/large/0edc3c9fbe3df224c1cd0217c78c2dede1559d8d.jpg,"Kamahele, 2010 (via Wikimedia Commons, Public Domain)"
intervolume-cuborama_1985,hist,https://www.publics-arts.ch/files/large/1d1b41e4499cb6a39196bf628438f473029ad3a9.jpg,"Jeanne Chevalier, 1986"
bodengravierung_1986,today,https://www.publics-arts.ch/files/large/3531e68436592538fd02a8078da6f126c307b08d.jpg,"Yvonne Schweizer, 2023"
bodengravierung_1986,hist,https://www.publics-arts.ch/files/large/0b8bbd2df7529db496fab6fc49e7cb341b6ae971.jpg,"Jeanne Chevalier, 1986"
figur-ii_1966,today,https://www.publics-arts.ch/files/large/876a919a4ac8fbe1ce80823dbeacfa3fadd66a43.jpg,"Christopher Kilchenmann, 2023"
figur-ii_1966,hist,https://www.publics-arts.ch/files/large/9970109971cc5891aa162b94618e7159ba8682ff.jpg,"Jürg Rihs, 1966"
sunrise_1974,today,https://www.publics-arts.ch/files/large/2bdffca6fddec5f7415549dd7a6822fcbffa8c65.jpg,"Micha L. Rieser, 2008–10 (via Wikimedia Commons, Attribution)"
sunrise_1974,hist,https://www.publics-arts.ch/files/large/03978c6458bde9032191bc427a55e7032ec67a1b.jpg,"Renate Hügli Roth, 1975"
grand-astre_1965,today,https://www.publics-arts.ch/files/large/f726633b14663d570b19d1050c8c4d3fe565d579.jpg,"Christopher Kilchenmann, 2023"
grand-astre_1965,hist,https://www.publics-arts.ch/files/large/f1caa2069535442648c86de8d432485134a5b8d1.jpg,"Jürg Rihs, 1966"
ph-ph_1975,today,https://www.publics-arts.ch/files/large/fe349b636bf94ce0c454c6e9abaef36a40ede27e.jpg,"Christopher Kilchenmann, 2023"
ph-ph_1975,hist,https://www.publics-arts.ch/files/large/e2f6b14453b2b8ec6cd7d71269a8eae019ae005a.jpg,"Renate Hügli Roth, 1975"
ph-ph_1975,today,https://www.publics-arts.ch/files/large/ab95b234d197ad6ca8cac6e0730d8729ea132402.jpg,"Yvonne Schweizer, 2023"
ph-ph_1975,hist,https://www.publics-arts.ch/files/large/68a332fec40adf76ddc95df2a0f9f074fa5d0788.jpg,"Jeanne Chevalier, 1975"
consolation_1954,today,https://www.publics-arts.ch/files/large/e983931e2c2f8043fe4841cbb38996c498ff72d1.jpg,"Christopher Kilchenmann, 2023"
consolation_1954,hist,https://www.publics-arts.ch/files/large/2ca7d36684e140ae5ddd0e3e85dfc0cdf306fbd0.jpg,"Inconnu / Unbekannt, Archives / Archiv ESS-SPA, c. / um 1970"
consolation_1954,today,https://www.publics-arts.ch/files/large/8bfa4f8507f6400673eebcaf4251896919249f42.jpg,"Christopher Kilchenmann, 2023"
consolation_1954,today,https://www.publics-arts.ch/files/large/b03f94707606d60146cbf7b05f139c6ea2c4ee7a.jpg,"Christopher Kilchenmann, 2023"
consolation_1954,today,https://www.publics-arts.ch/files/large/36868d5331e5cfcbc0e1278a9274a2fdeae88924.jpg,"Christopher Kilchenmann, 2023"
harpe-animee_1961,today,https://www.publics-arts.ch/files/large/c4468e30b797856762874cc1f2f923cdfbce6a38.jpg,"Christopher Kilchenmann, 2023"
harpe-animee_1961,hist,https://www.publics-arts.ch/files/large/757c0d937e7978b7fa97f3a31d0e21b5b4ba4972.jpg,"© Succession / Nachlass Margrit und Walter Linck, 1962"
harpe-animee_1961,today,https://www.publics-arts.ch/files/large/0f2b035d9c4c49c9ab1d7b77a3f07d9c19ac243f.jpg,"Christopher Kilchenmann, 2023"
harpe-animee_1961,today,https://www.publics-arts.ch/files/large/862ac9b4abc25f3bc04ed3bc85dd0497c532a8d2.jpg,"Christopher Kilchenmann, 2023"
farbige-baumruine_1975,today,https://www.publics-arts.ch/files/large/398c850cc4f9a3a658aac34f7d7d395f63870ea7.jpg,"Christopher Kilchenmann, 2023"
farbige-baumruine_1975,hist,https://www.publics-arts.ch/files/large/4359a4b78614272c2b9055af5f4cd06cbabc7a75.jpg,"Jeanne Chevalier, 1975"
farbige-baumruine_1975,today,https://www.publics-arts.ch/files/large/4d5e5dbca9cf46c42657dd4387bcece40f31b3c4.jpg,"Christopher Kilchenmann, 2023"
farbige-baumruine_1975,today,https://www.publics-arts.ch/files/large/1fa8e13c688c00c8a8491b6c9f118d11313fc317.jpg,"Christopher Kilchenmann, 2023"
farbige-baumruine_1975,today,https://www.publics-arts.ch/files/large/3212e6086f18175e29957da4aaad3d635209e0cb.jpg,"Christopher Kilchenmann, 2023"
farbige-baumruine_1975,today,https://www.publics-arts.ch/files/large/bbd860f03a6fbcbf633b3a74ce83e84f44c257cf.jpg,"Cornelia Schnyder-Berner, 2019 (architekturbibliothek.ch)"
jura_1979,today,https://www.publics-arts.ch/files/large/6871bca430310991fc906dbf738b1240f6eda59d.jpg,"Christopher Kilchenmann, 2023"
jura_1979,hist,https://www.publics-arts.ch/files/large/09147d8d18355cdd54457c697cc4fd3980b158da.jpg,"Jeanne Chevalier, 1980"
jura_1979,today,https://www.publics-arts.ch/files/large/c38c53973d8a7ce059df26daa861d45d5d3737dd.jpg,"Christopher Kilchenmann, 2023"
jura_1979,today,https://www.publics-arts.ch/files/large/c38c53973d8a7ce059df26daa861d45d5d3737dd.jpg,"M. Nussbaumer, 2006 (via Wikimedia Commons, CC BY-2.5)"
sog_1980,today,https://www.publics-arts.ch/files/large/363d8efb42b0fe356ab2c0f900f140a31ec7b176.jpg,"Christopher Kilchenmann, 2023"
sog_1980,hist,https://www.publics-arts.ch/files/large/2ee48578c9f367dd2312be08e75e8853534b4cc4.jpg,"Jeanne Chevalier, 1986"
beton-messingkubus_1975,today,https://www.publics-arts.ch/files/large/cf702a4a9b22e0d2d3d60457947fa03e54e8f4eb.jpg,"Christopher Kilchenmann, 2023"
beton-messingkubus_1975,hist,https://www.publics-arts.ch/files/large/4359a4b78614272c2b9055af5f4cd06cbabc7a75.jpg,"Jeanne Chevalier, 1975"
beton-messingkubus_1975,today,https://www.publics-arts.ch/files/large/ff60f1b6721c33698daf9c749408f0fbc4d7950d.jpg,"Christopher Kilchenmann, 2023"
beton-messingkubus_1975,hist,https://www.publics-arts.ch/files/large/063fe17528de330a7279ce04807c522a4187a14d.jpg,"Jeanne Chevalier, 1975"
drei-geruestkuben_1975,today,https://www.publics-arts.ch/files/large/541c61cfaaf77eb55599c2e50473dd66cfb274a2.jpg,"Christopher Kilchenmann, 2023"
drei-geruestkuben_1975,hist,https://www.publics-arts.ch/files/large/4359a4b78614272c2b9055af5f4cd06cbabc7a75.jpg,"Jeanne Chevalier, 1975"
drei-geruestkuben_1975,today,https://www.publics-arts.ch/files/large/9cabaa880f412fd0f35f092d4240c65e8b51912e.jpg,"Christopher Kilchenmann, 2023"
drei-geruestkuben_1975,hist,https://www.publics-arts.ch/files/large/063fe17528de330a7279ce04807c522a4187a14d.jpg,"Jeanne Chevalier, 1975"
drei-geruestkuben_1975,today,https://www.publics-arts.ch/files/large/ea72cd9b772ea702cb9e4ccbdefcd4506945c848.jpg,"Christopher Kilchenmann, 2023"
mann-und-weib_1995,today,https://www.publics-arts.ch/files/large/5e0afaec2cb2f7c8981a2dc642071cf4ec98020f.jpg,"© Rudolf Blättler, 2023"
mann-und-weib_1995,hist,https://www.publics-arts.ch/files/large/375e915e0246c373006caa5aeac565f4b7e7acde.jpg,"© Rudolf Blättler, 1996"
luftkubus_1986,today,https://www.publics-arts.ch/files/large/b4219758b7924bccc84e77cd391ea189a3f69d39.jpg,"Christoph Wyss, 2023"
luftkubus_1986,hist,https://www.publics-arts.ch/files/large/314282dc359723ac96632f68cbed5965deb2d9b4.jpg,"Jeanne Chevalier, 1986"
luftkubus_1986,today,https://www.publics-arts.ch/files/large/7649be7b13f2de5fb0a106dec195bbf39ac55fd9.jpg,"Christoph Wyss, 2023"
orion_1965,today,https://www.publics-arts.ch/files/large/e392f8bc2ada62a27a5d57d2cc286b1bc89cc415.jpg,"EinDao, 2021 (via Wikimedia Commons, CC BY-SA 3.0)"
orion_1965,hist,https://www.publics-arts.ch/files/large/0bbd0465da688ab1c149c5566b6b3a62a97de2e3.jpg,"Famille / Familie Ramseyer, 1966"
orion_1965,hist,https://www.publics-arts.ch/files/large/9dfebc21190f977edf9305664ad6239ca5e73795.jpg,"Inconnu / Unbekannt, 1966, Collection des arts visuels de la Ville de Bienne / Kunstsammlung der Stadt Biel"
otok-2_1970,today,https://www.publics-arts.ch/files/large/ea0421d17a106a313ec497356c8ec144b8521b5c.jpg,"Adrian Michael, 2015 (via Wikimedia Commons, CC BY-SA 3.0)"
otok-2_1970,hist,https://www.publics-arts.ch/files/large/7633c837a4d5321a49bc0743b7976cdc70d497ff.jpg,"Heinz Baumann, 1970 © Bibliothèque ETH Zurich, Archives photographiques / ETH-Bibliothek Zürich, Bildarchiv"
dimension-unique_1975,today,https://www.publics-arts.ch/files/large/1b93bbe39c3b5ef457ea2cddc2992a3001ccfe8e.jpg,"Christopher Kilchenmann, 2023"
dimension-unique_1975,hist,https://www.publics-arts.ch/files/large/d4586d2832de6272fd6d01b61200372e24a0c1a9.jpg,"Archives / Archiv Märki-Travaglini, 1975"
dimension-unique_1975,today,https://www.publics-arts.ch/files/large/8200ae63ba5d85fd3da53a3e8d73a8425896fdde.jpg,"Christopher Kilchenmann, 2023"
dimension-unique_1975,hist,https://www.publics-arts.ch/files/large/531d68036353b142a798f455f69e7a83f3b2223a.jpg,"Archives / Archiv Märki-Travaglini, 1975"
dimension-unique_1975,today,https://www.publics-arts.ch/files/large/c40b10cf5c6d7706c83525822e928c76bb3c0982.jpg,"Christopher Kilchenmann, 2023"
enlace_1974,today,https://www.publics-arts.ch/files/large/4319b495f2687df7be4003dadd2eaa84caca4394.jpg,"Yvonne Schweizer, 2023"
enlace_1974,hist,https://www.publics-arts.ch/files/large/3d92f3a6a9cd2050eca92a0e936acfa492dd04f2.jpg,"Inconnu / Unbekannt, 1975, Collection des arts visuels de la Ville de Bienne / Kunstsammlung der Stadt Biel"
enlace_1974,today,https://www.publics-arts.ch/files/large/3b3465ac4999c42de1dadbfbc60e83b85cc25243.jpg,"Yvonne Schweizer, 2023"
equi-libre-–-stahlkonstruktion-xiix_1979,today,https://www.publics-arts.ch/files/large/23865160d6a16f491e79a068ef6f68c2b3ef7ddf.jpg,"Christopher Kilchenmann, 2023"
equi-libre-–-stahlkonstruktion-xiix_1979,hist,https://www.publics-arts.ch/files/large/3b23ad64930e2a2c159f5b439f52f3654a497525.jpg,"Jeanne Chevalier, 1980"
equi-libre-–-stahlkonstruktion-xiix_1979,today,https://www.publics-arts.ch/files/large/f2acd912fae54636e3f0b9a0696cc06271ddfc38.jpg,"Christopher Kilchenmann, 2023"
equi-libre-–-stahlkonstruktion-xiix_1979,hist,https://www.publics-arts.ch/files/large/3b14d081a829bb24c28355b8a853b99526e49ce6.jpg,"Inconnu / Unbekannt, 1980, Collection des arts visuels de la Ville de Bienne / Kunstsammlung der Stadt Biel"
equi-libre-–-stahlkonstruktion-xiix_1979,today,https://www.publics-arts.ch/files/large/3a34164451229bf93059515414d731341ea29da7.jpg,"Christopher Kilchenmann, 2023"
skulptur-i_1965,today,https://www.publics-arts.ch/files/large/d2fdd6d645a074f37b9a46a410510d397dd0b412.jpg,"Christopher Kilchenmann, 2023"
skulptur-i_1965,hist,https://www.publics-arts.ch/files/large/97bd899709a394a82121c0e32363278c479e9df1.jpg,"Inconnu / Unbekannt, 1966, Collection des arts visuels de la Ville de Bienne / Kunstsammlung der Stadt Biel"
mecanisme-de-la-conception_1964,today,https://www.publics-arts.ch/files/large/3e16e3291ef7ba9339e8f0856c7be23ffdf6d6e0.jpg,"Christopher Kilchenmann, 2023"
mecanisme-de-la-conception_1964,hist,https://www.publics-arts.ch/files/large/e7e93f8fb0b7aacbec1923274c30a9d020396e14.jpg,"Inconnu / Unbekannt, 1966, Collection des arts visuels de la Ville de Bienne / Kunstsammlung der Stadt Biel"
mecanisme-de-la-conception_1964,today,https://www.publics-arts.ch/files/large/f77865e8b5d35783bb63f3b121fcaf4d5277b938.jpg,"Christopher Kilchenmann, 2023"
mecanisme-de-la-conception_1964,today,https://www.publics-arts.ch/files/large/bfdff48605f2fe138e7d9819b54cc229ecd6ae00.jpg,"Christopher Kilchenmann, 2023"
rex_1965,today,https://www.publics-arts.ch/files/large/b3a90ee701f898a648cc08e207ad2c10de6211b9.jpg,Bundesamt für Kultur BAK (CC BY NC-ND 3.0)
rex_1965,hist,https://www.publics-arts.ch/files/large/5f19ecb2cc8272bc92778f8c2683b0d7032c5f34.jpg,"Inconnu / Unbekannt, 1966, Collection des arts visuels de la Ville de Bienne / Kunstsammlung der Stadt Biel"
das-loch-versuch-einer-unterirdischen-plastischen-bewegung_1966,today,https://www.publics-arts.ch/files/large/927a4e742e7630b3da93d4aaa4ff15b86bf1b2a4.jpg,Daniel Hauser / © Bieler Tagblatt
das-loch-versuch-einer-unterirdischen-plastischen-bewegung_1966,hist,https://www.publics-arts.ch/files/large/68244bd350901ce4120a2074059b8fb666715761.jpg,"Inconnu / Unbekannt, 1966, Collection des arts visuels de la Ville de Bienne / Kunstsammlung der Stadt Biel"
das-loch-versuch-einer-unterirdischen-plastischen-bewegung_1966,hist,https://www.publics-arts.ch/files/large/2667ddcade62468a111d336e95386108d9981322.jpg,"Inconnu / Unbekannt, 1966, Collection des arts visuels de la Ville de Bienne / Kunstsammlung der Stadt Biel"
einhorn_1952,today,https://www.publics-arts.ch/files/large/a8a29f761f06d607f833c3030d4eafa7e6f0908a.jpg,"Christopher Kilchenmann, 2023"
einhorn_1952,hist,https://www.publics-arts.ch/files/large/52b636f51e9ee098c0c1bc314393f2b030c7e596.jpg,"Comet Photo AG, 1954, Com_M03-0221-0015, Bibliothèque ETH Zurich, Archives photographiques / ETH-Bibliothek Zürich, Bildarchiv / Public Domain Mark"
einhorn_1952,today,https://www.publics-arts.ch/files/large/a775e8e09afefe8a0c44dae05f0fbc7dc5afbbc1.jpg,"Christopher Kilchenmann, 2023"
einhorn_1952,hist,https://www.publics-arts.ch/files/large/bb7833016dd806403c74cb2ea0a3ba0a240703c1.jpg,"Comet Photo AG, 1954, Com_M03-0221-0015, Bibliothèque ETH Zurich, Archives photographiques / ETH-Bibliothek Zürich, Bildarchiv / Public Domain Mark"
fontaine_1954,today,https://www.publics-arts.ch/files/large/c604714f020d8a1ebb0c0d762c88406924b09364.jpg,"Christopher Kilchenmann, 2023"
fontaine_1954,hist,https://www.publics-arts.ch/files/large/46bb3210f8f9a0042f4a9b42d95033ae70cb6e8e.jpg,"Comet Photo AG, 1954, Com_M03-0221-0001, Bibliothèque ETH Zurich, Archives photographiques / ETH-Bibliothek Zürich, Bildarchiv / Public Domain Mark"
fontaine_1954,today,https://www.publics-arts.ch/s/oedk/media/7360,"Christopher Kilchenmann, 2023"
fontaine_1954,today,https://www.publics-arts.ch/files/large/a17b1a284cca6a988210a5d44786263c065a2e59.jpg,"Christopher Kilchenmann, 2023"
nostalgie-kuh_1974,today,https://www.publics-arts.ch/files/large/6beee134bc0e09fc8b3ae3b060df3032167c9aac.jpg,"EinDao, 2019 (via Wikimedia Commons, CC BY-SA 4.0)"
nostalgie-kuh_1974,hist,https://www.publics-arts.ch/files/large/65c2e44200b976a3e319cb6f8c7687b7c492a5cb.jpg,"Renate Hügli Roth, 1975"
nostalgie-kuh_1974,hist,https://www.publics-arts.ch/files/large/5ef9dee2a8c3905250f8650c25c2976b84c84101.jpg,"Inconnu / Unbekannt, 1975, Collection des arts visuels de la Ville de Bienne / Kunstsammlung der Stadt Biel"
maternite_1950,today,https://www.publics-arts.ch/files/large/0f9af4aacf789badca4f996692dfe5b154672f0b.jpg,"Christopher Kilchenmann, 2023"
maternite_1950,hist,https://www.publics-arts.ch/files/large/9f8192e3e3cb1e7c9d9220a074af2ac248c65b5a.jpg,"Archives municipales Bienne / Stadtarchiv Biel, Collection de photographies de la police / Polizeifotosammlung, N_701-2-5, 1954"
maternite_1950,today,https://www.publics-arts.ch/files/large/67c73bd8f204341ff378956f0f5b2db9024a3e08.jpg,"Christopher Kilchenmann, 2023"
maternite_1950,today,https://www.publics-arts.ch/files/large/70cd93899fb16aba83d576e5bbc2da95784e2dcc.jpg,"Christopher Kilchenmann, 2023"
betonstelen_1974,today,https://www.publics-arts.ch/files/large/4da4dfd81fce1259de24bc8ab76447f41cc1de7a.jpg,"WillYs Fotowerkstatt, 2011 (via Wikimedia Commons, CC BY 3.0)"
betonstelen_1974,hist,https://www.publics-arts.ch/files/large/cb9caf5dd41cbc907fdec6df45d6c92cf99de846.jpg,"Source / Quelle: Kunstnachrichten, 1975"
betonstelen_1974,today,https://www.publics-arts.ch/files/large/f64b17e53e614befbe7deca2a15f792b79a71c14.jpg,"Tobikuehn, 2014 ( via Wikimedia Commons, CC BY-SA 3.0)"
betonstelen_1974,hist,https://www.publics-arts.ch/files/large/b581b7713852e4999b4a3108d61f96b49180785c.jpg,"Inconnu / Unbekannt, 1975, Collection des arts visuels de la Ville de Bienne / Kunstsammlung der Stadt Biel"
betonstelen_1974,hist,https://www.publics-arts.ch/files/large/0c043b65e5742d482b85b3677fd6fd672ebfc1cc.jpg,"Inconnu / Unbekannt, 1975, Collection des arts visuels de la Ville de Bienne / Kunstsammlung der Stadt Biel"
betonstelen_1974,hist,https://www.publics-arts.ch/files/large/67d3cc5e7f806742d0bc537defe5b588318b04fd.jpg,"Inconnu / Unbekannt, 1975, Collection des arts visuels de la Ville de Bienne / Kunstsammlung der Stadt Biel"
untitled-a-paul-cezanne_2000,today,https://www.publics-arts.ch/files/large/f72afd9cdbf43df4b807fdd54a7b4cf94e038e78.jpg,"Christopher Kilchenmann, 2023"
untitled-a-paul-cezanne_2000,hist,https://www.publics-arts.ch/files/large/ae7e16060fa8d73db72a5894946514eb39dd40cc.jpg,"Claude Joray, 2000"
untitled-a-paul-cezanne_2000,today,https://www.publics-arts.ch/files/large/a0c4bb186cd5b16a639aaa952139c6c499420549.jpg,"Christopher Kilchenmann, 2023"
trojanisches-pferd_1977,today,https://www.publics-arts.ch/files/large/061fff79f2a9edbe706c93f567a835853b46a23a.jpg,"Unschoen, 2022 (via Wikimedia Commons, CC BY-SA 4.0)"
trojanisches-pferd_1977,hist,https://www.publics-arts.ch/files/large/8670cd1bf9a758fc282b17f67020aaca85a2c66f.jpg,"Jeanne Chevalier, 1980"
trojanisches-pferd_1977,hist,https://www.publics-arts.ch/files/large/bf205702b1b92b784192e6dea12590244e8b9ea3.jpg,"Inconnu / Unbekannt, 1980, Collection des arts visuels de la Ville de Bienne / Kunstsammlung der Stadt Biel"
wasserrohr_1970,today,https://www.publics-arts.ch/files/large/1b95e623cb7e248ca1336839db0f776b1760aa62.jpg,"Christopher Kilchenmann, 2023"
wasserrohr_1970,hist,https://www.publics-arts.ch/files/large/8339f9eb3652761d0605ff7a872bfde0eaa64ecf.jpg,"Inconnu / Unbekannt, 1970, Collection des arts visuels de la Ville de Bienne / Kunstsammlung der Stadt Biel"
wasserrohr_1970,today,https://www.publics-arts.ch/files/large/50fe75872e12389609aabbea4aad306d58155c59.jpg,"Christopher Kilchenmann, 2023"
wasserrohr_1970,today,https://www.publics-arts.ch/files/large/b8574d1cab5a7dbbd651a3f538fc8e247d9ac291.jpg,"Christopher Kilchenmann, 2023"
findling_1970,today,https://www.danielspoerri.org/giardino/wp-content/uploads/2019/04/artist-work_herbert-distel_76-1400x830.jpg,© Fondazione Daniel Spoerri
findling_1970,hist,https://www.publics-arts.ch/files/large/43b82cf0ff0367932d310f64cc6f7325448fba6a.jpg,"© Herbert Distel, 1970"
projekt-zeitraum_1979,today,https://www.publics-arts.ch/files/large/183ccf0975b9362fe6043bfbd90d0bde9f6b4ba6.jpg,"Yvonne Schweizer, 2023"
projekt-zeitraum_1979,hist,https://www.publics-arts.ch/files/large/678ff7c4d9bca7920a2b82b58b50be45922f9d81.jpg,"Jeanne Chevalier, 1980"
projekt-zeitraum_1979,today,https://www.publics-arts.ch/files/large/2f5211d0681b47ffba424899d1c5acf55e361b1a.jpg,"Yvonne Schweizer, 2023"
projekt-zeitraum_1979,today,https://www.publics-arts.ch/files/large/3a4ab37e7714f15d431281f922b6136e3b6616df.jpg,"Yvonne Schweizer, 2023"
vertschaupet_1980,today,https://www.publics-arts.ch/files/large/c7b8c72637b913befa2660511b433f35d1f1b022.jpg,"Yvonne Schweizer, 2023"
vertschaupet_1980,hist,https://www.publics-arts.ch/files/large/90a2ff5e3abffdd794c86324a9edb36c369c8fb7.jpg,"Jeanne Chevalier, 1980"
vertschaupet_1980,today,https://www.publics-arts.ch/files/large/f39ce63915ff432a22dcb705a0ec731c0a818683.jpg,"Yvonne Schweizer, 2023"
e-1_1963,today,https://www.publics-arts.ch/files/large/c2ec93c5e2c3121df40968eee8ad3d33de2fb41c.jpg,"Christopher Kilchenmann, 2023"
e-1_1963,hist,https://www.publics-arts.ch/files/large/5664da979a432a868c18a2288deb06473d8d91a1.jpg,"Inconnu / Unbekannt, 1970, Collection des arts visuels de la Ville de Bienne / Kunstsammlung der Stadt Biel"
e-1_1963,today,https://www.publics-arts.ch/files/large/b7e8b36060acbe16bad4d202d599455e7e8e14c0.jpg,"Christopher Kilchenmann, 2023"
e-1_1963,today,https://www.publics-arts.ch/files/large/3a7b016060198edbff745fc2e75f55a49ea0fb27.jpg,"Christopher Kilchenmann, 2023"
findlingskopf_1975,today,https://www.publics-arts.ch/files/large/601c1b42c7d9a2f9c337231b1ab3372cdf16dce9.jpg,"Christopher Kilchenmann, 2023"
findlingskopf_1975,hist,https://www.publics-arts.ch/files/large/9e67f1ef5f6e49a93bfae1fdbcfd1bf3745f3d11.jpg,"Inconnu / Unbekannt, 1975, Collection des arts visuels de la Ville de Bienne / Kunstsammlung der Stadt Biel"
findlingskopf_1975,today,https://www.publics-arts.ch/files/large/afca6a4ab770ccd2c149945c79e8c171cebc23d9.jpg,"Christopher Kilchenmann, 2023"
findlingskopf_1975,today,https://www.publics-arts.ch/files/large/e2f7a35a174ceab0de2b74e81cc658cd14c2f2ba.jpg,"Christopher Kilchenmann, 2023"
eisenplastik-iii-66c_1974,today,https://www.publics-arts.ch/files/large/1875ed65f09eac45ad8c0d6d00dcbcb2dbb88f50.jpg,"Ana Pereira, 2023"
eisenplastik-iii-66c_1974,hist,https://www.publics-arts.ch/files/large/e6edbb76c1a910da08407088799eef470a4906b1.jpg,"Archives / Archiv Märki-Travaglini, 1975"
eisenplastik-iii-66c_1974,hist,https://www.publics-arts.ch/files/large/bcbb873fe7fe7e78219236638db93ce4e57bc6c1.jpg,"Inconnu / Unbekannt, 1975, Collection des arts visuels de la Ville de Bienne / Kunstsammlung der Stadt Biel"
eisenplastik-iii-66c_1974,hist,https://www.publics-arts.ch/files/large/04d5bfc8194fc701803536496b7ab1c9aef9f93f.jpg,"Inconnu / Unbekannt, 1975, Collection des arts visuels de la Ville de Bienne / Kunstsammlung der Stadt Biel"
figure-xa_1975,today,https://www.publics-arts.ch/files/large/e0164f3ed6cd27f53bf5df0692d6b641a02425fe.jpg,"ETH-Bibliothek Zürich, Kunstinventar (CC BY-SA 4.0)"
figure-xa_1975,hist,https://www.publics-arts.ch/files/large/c624b4f4cdd92ab7eb4a1eb485a609eac42015fc.jpg,"Jeanne Chevalier, 1975"
vegetativ-iii_1958,today,https://www.publics-arts.ch/files/large/7699048fe5f6b3b9c9a854ee263217ec5e0855a8.jpg,"Christopher Kilchenmann, 2023"
vegetativ-iii_1958,hist,https://www.publics-arts.ch/files/large/36a0c8f0daa23755b585f4780025d514b4fc41c1.jpg,"Fonds Jacques Thévoz, 1958, Service des biens culturels, Fribourg / Amt für Kulturgüter, Freiburg, Fonds Recensement des biens culturels Fribourg, RBCF "
sculpture_1960,today,https://www.publics-arts.ch/files/large/1374e8bc1f3deb94891df54fb82f599525282e28.jpg,"Christopher Kilchenmann, 2023"
sculpture_1960,hist,https://www.publics-arts.ch/files/large/3212279493751be7258d27d2bb6190c782bda4ab.jpg,"Fonds Jacques Thévoz, 1962, Service des biens culturels, Fribourg / Amt für Kulturgüter, Freiburg, Fonds Recensement des biens culturels Fribourg, RBCF "
sculpture_1960,today,https://www.publics-arts.ch/files/large/76b90af722c59d2153f9bbc7d5b84dfd21d061a3.jpg,"Christopher Kilchenmann, 2023"
sculpture_1960,today,https://www.publics-arts.ch/files/large/94ef9fe0931c8512fa3e5dfe51077b89e4a107be.jpg,"Christopher Kilchenmann, 2023"
sculpture_1960,today,https://www.publics-arts.ch/files/large/47d2b75c6b4765716e91a0abdf41026ddaf8d07f.jpg,"Christopher Kilchenmann, 2023"
femme-au-poisson_1956,today,https://www.publics-arts.ch/files/large/a0527a52dd23fa148d8891b8c5f2e70459c6f768.jpg,"Rama (via Wikimedia Commons, CC BY-SA 3.0 FR)"
femme-au-poisson_1956,hist,https://www.publics-arts.ch/files/large/d4391832fe23099966279b94c2ad0cbfc7c1331e.jpg,"Fonds Jacques Thévoz, 1958, Service des biens culturels, Fribourg / Amt für Kulturgüter, Freiburg, Fonds Recensement des biens culturels Fribourg, RBCF "
femme-au-poisson_1956,today,https://www.publics-arts.ch/files/large/757e53fbe173c1946d6fc0899aaaeb818bfc7c09.jpg,"Rama (via Wikimedia Commons, CC BY-SA 3.0 FR)"
grand-objet_1958,today,https://www.publics-arts.ch/files/large/89449b3931734d0f40c91b283d408dd6ce15cf50.jpg,"MHM55, 2024 (via Wikimedia Commons, CC BY-SA 4.0)"
grand-objet_1958,hist,https://www.publics-arts.ch/files/large/f0d23b51552061575350a87d86b597e359451263.jpg,"Fonds Jacques Thévoz, 1958, Service des biens culturels, Fribourg / Amt für Kulturgüter, Freiburg, Fonds Recensement des biens culturels Fribourg, RBCF "
figur-i_1955,today,https://www.publics-arts.ch/files/large/4c01a8d2d20111044ea765b32076b4d8cd151552.jpg,"Christopher Kilchenmann, 2023"
figur-i_1955,hist,https://www.publics-arts.ch/files/large/cdd91c3a0c7e701d9bdc8192bf697133f488c212.jpg,"Fonds Jacques Thévoz, 1958, Service des biens culturels, Fribourg / Amt für Kulturgüter, Freiburg, Fonds Recensement des biens culturels Fribourg, RBCF "
figur-i_1955,today,https://www.publics-arts.ch/files/large/bc47cd6b7a31aa6d2b1f11592ee0a863573bed14.jpg,"Christopher Kilchenmann, 2023"
figur-i_1955,hist,https://www.publics-arts.ch/files/large/cdd91c3a0c7e701d9bdc8192bf697133f488c212.jpg,"Inconnu / Unbekannt, 1958, Collection des arts visuels de la Ville de Bienne / Kunstsammlung der Stadt Biel"
figur-i_1955,today,https://www.publics-arts.ch/files/large/792aae838a396a46dcd2aac4812c15eafac34290.jpg,"Christopher Kilchenmann, 2023"
figur-i_1955,today,https://www.publics-arts.ch/files/large/216292c5e17697afc67d02e1bdfd4e8c63172f56.jpg,"Christopher Kilchenmann, 2023"
kugelraum-mit-strahlenkern_1958,today,https://www.publics-arts.ch/files/large/4b1b47b1738827401f83786aa1a7761ece500220.jpg,"Yvonne Schweizer, 2023"
kugelraum-mit-strahlenkern_1958,hist,https://www.publics-arts.ch/files/large/526fb7cdfe6c95262c3ecf9dbfc3a2c2347612f4.jpg,"Fonds Jacques Thévoz, 1958, Service des biens culturels, Fribourg / Amt für Kulturgüter, Freiburg, Fonds Recensement des biens culturels Fribourg, RBCF "
kugelraum-mit-strahlenkern_1958,today,https://www.publics-arts.ch/files/large/19267b9b23fdbdcf2e9be4495dd43e83d7d4f46f.jpg,"Yvonne Schweizer, 2023"
kugelraum-mit-strahlenkern_1958,today,https://www.publics-arts.ch/files/large/fd9e11f3940c61e26d5036c8d075593bd8b0389a.jpg,"Yvonne Schweizer, 2023"
dreibeiniger-mondaffe_1979,today,https://www.publics-arts.ch/files/large/c1763dbc1fa482d9f14360545330366467eca25e.jpg,"Lea Lüscher & Stella Paloma Hammes, 2023"
dreibeiniger-mondaffe_1979,hist,https://www.publics-arts.ch/files/large/4b3ff94981d1f08b88ba558eaf4d6a6d45ad48ef.jpg,"Inconnu / Unbekannt, 1980, Collection des arts visuels de la Ville de Bienne / Kunstsammlung der Stadt Biel"
dreibeiniger-mondaffe_1979,hist,https://www.publics-arts.ch/files/large/55a448c3672d9d07eaa1c61c3851e2f7241231f4.jpg,"Inconnu / Unbekannt, 1980, Collection des arts visuels de la Ville de Bienne / Kunstsammlung der Stadt Biel"
suedtor-paradise-lost_1979,today,https://www.publics-arts.ch/files/large/9076ed202f32f84c4e039ecf7eab302f8cbe6e84.jpg,"Yvonne Schweizer, 2023"
suedtor-paradise-lost_1979,hist,https://www.publics-arts.ch/files/large/e0e78a8888600034319b098e28cfd976d810e561.jpg,"Inconnu / Unbekannt, 1980, Collection des arts visuels de la Ville de Bienne / Kunstsammlung der Stadt Biel"
suedtor-paradise-lost_1979,today,https://www.publics-arts.ch/files/large/a7ba7443273dd2a202ec32cf7d29c6629fffab94.jpg,"Yvonne Schweizer, 2023"
suedtor-paradise-lost_1979,hist,https://www.publics-arts.ch/files/large/c2df02929256052c07f4b89e91b3436494be80ba.jpg,"Inconnu / Unbekannt, 1980, Collection des arts visuels de la Ville de Bienne / Kunstsammlung der Stadt Biel"
suedtor-paradise-lost_1979,today,https://www.publics-arts.ch/files/large/e2aff98f08ebe914faf9ce498b82e66cc10d70c9.jpg,"Yvonne Schweizer, 2023"
suedtor-paradise-lost_1979,hist,https://www.publics-arts.ch/files/large/37952d9b7d5f7c8a28f75fb8f20b9b349f4c57d9.jpg,"Jeanne Chevalier, 1980"
figur-vii_1986,today,https://www.publics-arts.ch/files/large/0623d0b1772df8fbc5fb91bb2f88897c5004589a.jpg,"Kilian Bannwart, 2023 / SPE Skulpturenpark Ennetbürgen"
figur-vii_1986,hist,https://www.publics-arts.ch/files/large/cf2b84b57bcf7a52385776a7273e2db174c8f894.jpg,"Jeanne Chevalier, 1986"
figur-vii_1986,today,https://www.publics-arts.ch/files/large/42800f0055063e4e267ea6618ced107d6783b5e3.jpg,"Kilian Bannwart, 2023 / SPE Skulpturenpark Ennetbürgen"
figur-vii_1986,today,https://www.publics-arts.ch/files/large/8275d23182c97ab73457f760a10bfe8070b552ec.jpg,"Kilian Bannwart, 2023 / SPE Skulpturenpark Ennetbürgen"
zwei-einsiedeleien_1986,today,https://www.publics-arts.ch/files/large/333ba2178061ad57acd9f8386845011e5d8f527e.jpgf,"Fjolla Lajqi, Nadine Sisti, Samira Kurt, 2023"
zwei-einsiedeleien_1986,hist,https://www.publics-arts.ch/files/large/d16c11538e945e217ba2822ca3db53ded241ffe9.jpg,"Jeanne Chevalier, 1986"
zwei-einsiedeleien_1986,today,https://www.publics-arts.ch/files/large/2948e908ba602d361c87bc0d1e73bee008686605.jpg,"Kurt Sigrist, 2011 (via Wikimedia Commons, CC BY-SA 3.0)"
zwei-einsiedeleien_1986,today,https://www.publics-arts.ch/files/large/2ef883beddc487a4aaf381a2a852a4cc5612ca33.jpg,"Kurt Sigrist, 2011 (via Wikimedia Commons, CC BY-SA 3.0)"
saeulen_1986,today,https://www.publics-arts.ch/files/large/d2f795778967f691c436dfeb6dfd656b33242b59.jpg,"Fjolla Lajqi, Nadine Sisti, Samira Kurt, 2023"
saeulen_1986,hist,https://www.publics-arts.ch/files/large/1ab35d327b0cd84f9ae370e659d2be077598e815.jpg,"Archives / Archiv Märki-Travaglini, 1986"
saeulen_1986,today,https://www.publics-arts.ch/files/large/b99cf3db5d74dd0a806a8c56d3432d313cecf30f.jpg,"Fjolla Lajqi, Nadine Sisti, Samira Kurt, 2023"
saeulen_1986,today,https://www.publics-arts.ch/files/large/449e3f1605302b4b5b9ba9462561fef9c049fd88.jpg,"Fjolla Lajqi, Nadine Sisti, Samira Kurt, 2023"
baalbek_1977,today,https://www.publics-arts.ch/files/large/c2a57b16d12b4a54d71befa5f87f20bb318a7bb8.jpg,"Gerardus, 2008 (via Wikimedia Commons, Public Domain)"
baalbek_1977,hist,https://www.publics-arts.ch/files/large/1a3d60e4d72be227a78c094d6fe44d0ae3d63a78.jpg,"Inconnu / Unbekannt, 1980, Collection des arts visuels de la Ville de Bienne / Kunstsammlung der Stadt Biel"
cerf-volant_1957,today,https://www.publics-arts.ch/files/large/022f19673837fad9d3575d4e9b08120f7e6a440c.jpg,"EinDao, 2024 (via Wikimedia Commons, CC BY-SA 4.0)"
cerf-volant_1957,hist,https://www.publics-arts.ch/files/large/48665712c967490802591a1ffef9c6e38e4db3d5.jpg,"Fonds Jacques Thévoz, 1958, Service des biens culturels, Fribourg / Amt für Kulturgüter, Freiburg, Fonds Recensement des biens culturels Fribourg, RBCF "
toro_1953,today,https://www.publics-arts.ch/files/large/c12536bb89342efcb9b5e4935979825a26436ce3.jpg,"AnBuKu, 2020 (via Wikimedia Commons, CC BY-SA 4.0)"
toro_1953,hist,https://www.publics-arts.ch/files/large/aecece448a8264aed1e47c81cb9d35ccf0e30043.jpg,"Archives municipales Bienne / Stadtarchiv Biel, Collection de photographies de la police / Polizeifotosammlung, N_704-2-1, 1954"
toro_1953,today,https://www.publics-arts.ch/files/large/486a655be13311f3fe3267b6c34c01dbb44a47ff.jpg,"Gingko, 2011 (via Wikimedia Commons, CC BY 3.0)"
toro_1953,today,https://www.publics-arts.ch/files/large/9d052184192000e8c55469e44c843cb73d715cae.jpg,"AnBuKu, 2020 (via Wikimedia Commons, CC BY-SA 4.0)"
toro_1953,today,https://www.publics-arts.ch/files/large/d76230b9c5e16e644116b05a27b01e23efd2e55c.jpg,"Marco Del Torchio 95, 2024 (via Wikimedia Commons, CC0 1.0 Universal)"
toro_1953,hist,https://www.publics-arts.ch/files/large/aecece448a8264aed1e47c81cb9d35ccf0e30043.jpg,"Archives municipales Bienne / Stadtarchiv Biel, Collection de photographies de la police / Polizeifotosammlung, N_704-2-1, 1954"
guepard-ii_1954,today,https://www.publics-arts.ch/files/large/37e2bd83e320d8b6b268b34cfc37a8278342b916.jpg,"Rama, 2023 (via Wikimedia Commons, CC BY-SA 3.0 FR)"
guepard-ii_1954,hist,https://www.publics-arts.ch/files/large/33c94274f26410e0819f3acbe59f0717c77498d0.jpg,"© Foto Schmid, 1954"
e-1_1963,today,https://www.publics-arts.ch/files/large/c2ec93c5e2c3121df40968eee8ad3d33de2fb41c.jpg,"Christopher Kilchenmann, 2023"
e-1_1963,hist,https://www.publics-arts.ch/files/large/5664da979a432a868c18a2288deb06473d8d91a1.jpg,"Inconnu / Unbekannt, 1970, Collection des arts visuels de la Ville de Bienne / Kunstsammlung der Stadt Biel"
e-1_1963,today,https://www.publics-arts.ch/files/large/b7e8b36060acbe16bad4d202d599455e7e8e14c0.jpg,"Christopher Kilchenmann, 2023"
e-1_1963,today,https://www.publics-arts.ch/files/large/3a7b016060198edbff745fc2e75f55a49ea0fb27.jpg,"Christopher Kilchenmann, 2023"
figur-1446_1968,today,https://www.publics-arts.ch/files/large/381c5a40ad991f58724c5c1e07b88b80055dbc69.jpg,"Christopher Kilchenmann, 2023"
figur-1446_1968,hist,https://www.publics-arts.ch/files/large/c7df7acb7f69efef8bd6c3c4e3cd2eb371d336f8.jpg,"Source / Quelle: Journal du Jura, 8. Juli 1970, p. / S. 2"
jeu-deau_1969,today,https://www.publics-arts.ch/files/large/1a4da261a66b81f7cb4ec534be76257091590782.jpg,"Christopher Kilchenmann, 2023"
jeu-deau_1969,hist,https://www.publics-arts.ch/files/large/4341ec170d648538d883105f20fcce033817cfa2.jpg,"Quelle / Source: L'Express, 22. Juni 1970, p. / S. 11"
jeu-deau_1969,today,https://www.publics-arts.ch/files/large/e842dc53e2cb00c5d1621b2a07b80a5ce5b30bdd.jpg,"Christopher Kilchenmann, 2023"
jeu-deau_1969,today,https://www.publics-arts.ch/files/large/39216c44b8d8b8e449cc59bfdf15360dd79e9289.jpg,"Christopher Kilchenmann, 2023"
jeu-deau_1969,today,https://www.publics-arts.ch/files/large/17bb297848fae6d54f19d9447dc778d285cf1f3c.jpg,"Andreas Mathys, 2023"
ballspieler_1954,today,https://www.publics-arts.ch/files/large/b6799cc73a4bd27f4804fa2ae3217af582710a14.jpg,"EinDao, 2020 (via Wikimedia Commons, CC BY-SA 4.0)"
ballspieler_1954,hist,https://www.publics-arts.ch/files/large/3fe7d37ee4c860bad5df65efa69ac18ecdc8bd84.jpg,"Inconnu / Unbekannt, 1954"
demeter-erinys_1954,today,https://www.publics-arts.ch/files/large/aba165e9b491d351b15f2042c8c4af74a4f07479.jpg,"EinDao, 2018 (via Wikimedia Commons, CC BY-SA 4.0)"
demeter-erinys_1954,hist,https://www.publics-arts.ch/files/large/ec1a968c0d4706dba097893c72ce27c2359bb1d8.jpg,"Inconnu / Unbekannt, 1954"
demeter-erinys_1954,today,https://www.publics-arts.ch/files/large/1a9fce5d2d5fb6e5b86e259fa228446b47813599.jpg,"EinDao, 2019 (via Wikimedia Commons, CC BY-SA 4.0)"
seiltaenzerin_1954,today,https://www.publics-arts.ch/files/large/28f4ac4eb2efb2547820eef329079dd0626dad26.jpg,"Rolf Wirz, 2019"
seiltaenzerin_1954,hist,https://www.publics-arts.ch/files/large/fba5679be9632e30b641ce2f195bc3101e8e06d6.jpg,"Inconnu / Unbekannt, 1954"
seiltaenzerin_1954,today,https://www.publics-arts.ch/files/large/a9a697d26b485ba09e99e508840d3310e5e8ec64.jpg,"Rolf Wirz, 2019"
seiltaenzerin_1954,today,https://www.publics-arts.ch/files/large/5728b00648fb1b1fdc8db0cbe58b1621f13f95b5.jpg,"Rolf Wirz, 2019"
erwachen_1954,today,https://www.publics-arts.ch/files/large/4b03984278ae1d2067b037c86caf0426a9af07de.jpg,"Rolf Wirz, 2011"
erwachen_1954,hist,https://www.publics-arts.ch/files/large/fba5679be9632e30b641ce2f195bc3101e8e06d6.jpg,"Inconnu / Unbekannt, 1954"
erwachen_1954,today,https://www.publics-arts.ch/files/large/39a5fd49cb05589bd5a908e4f825fdac431f0034.jpg,"Rolf Wirz, 2011"
erwachen_1954,hist,https://www.publics-arts.ch/files/large/f55cecf85aa3fe68f17f948c89f31aee3c56d2c1.jpg,"Comet Photo AG, 1954, Com_M03-0221-0005, Bibliothèque ETH Zurich, Archives photographiques / ETH-Bibliothek Zürich, Bildarchiv / Public Domain Mark"
erwachen_1954,today,https://www.publics-arts.ch/files/large/063a3c5567214b0890fb7abfb9e1786f4fec894e.jpg,"EinDao, 2019 (via Wikimedia Commons,CC-BY SA 4.0)"
die-baumfee-und-ihre-taenzerin_1978,today,https://www.publics-arts.ch/files/large/70e32c29db2bbc08efe336ec2cb49513ca06619e.jpg,"AnBuKu, 2020 (via Wikimedia Commons, CC BY-SA 4.0)"
die-baumfee-und-ihre-taenzerin_1978,hist,https://www.publics-arts.ch/files/large/9d8e1db2a33e8a53ef31fe854c709537aff272bf.jpg,"Jeanne Chevalier, 1980"
die-baumfee-und-ihre-taenzerin_1978,today,https://www.publics-arts.ch/files/large/033e22887eb46156eb12af7ad55702b94c0c0103.jpg,"AnBuKu, 2020 (via Wikimedia Commons, CC BY-SA 4.0)"
piano-rhythmique_1954,today,https://www.publics-arts.ch/files/large/0595c686e35b15662b1bcb9195d3093d112f29ef.jpg,"AnBuKu, 2019 (via Wikimedia Commons, Attribution)"
piano-rhythmique_1954,hist,https://www.publics-arts.ch/files/large/0402554375d57397a484c70a15cec22265ed1c20.jpg,"Christian Staub, 1954 ©  Fotostiftung Schweiz"
piano-rhythmique_1954,today,https://www.publics-arts.ch/files/large/adeec3225b359fdbdb2a3304ab3a1294b617f686.jpg,"AnBuKu, 2019 (via Wikimedia Commons, Attribution)"
redner_1954,today,https://www.publics-arts.ch/files/large/b63ea58ecefaa3b6c3bd9d3f6c9624f0ce37e680.jpg,"Ville de Bienne, Service de la Culture / Stadt Biel, Dienststelle für Kultur"
redner_1954,hist,https://www.publics-arts.ch/files/large/2880161270d8ebbc79ba02b6f40ae9fb219e22f2.jpg,"Archives municipales Bienne / Stadtarchiv Biel, Collection de photographies de la police / Polizeifotosammlung, N_701-1-1, 1954"
stier_1947,today,https://www.publics-arts.ch/files/large/4b2b03f4c0846b71e49e7dbf5a66660f7444ac7b.jpg,"Aliman5040, 2009 (via Wikimedia Commons, Attribution)"
stier_1947,hist,https://www.publics-arts.ch/files/large/8815470702a97ba7ce509bf1cbce533403d7fd5d.jpg,"Christian Staub, 1954 © Fotostiftung Schweiz; Source / Quelle: Marcel Joray, Schweizer Plastik der Gegenwart, Neuchâtel: Éditions du Griffon 1955, Cat. / Kat. 98"
drei-rahmen_1970,today,https://www.publics-arts.ch/files/large/46ce9d3cfbf4d58714014d668e538878f0a5a5e7.jpg,"Yvonne Schweizer, 2023"
drei-rahmen_1970,hist,https://www.publics-arts.ch/files/large/972e3571b0ce3e250d1407c3c1ce15fcf6e03182.jpg,"Archives / Archiv Märki-Travaglini, 1970"
drei-rahmen_1970,today,https://www.publics-arts.ch/files/large/47c249d99bdae6ab72628a7b967bbe3bcf79cd40.jpg,"Yvonne Schweizer, 2023"
drei-rahmen_1970,today,https://www.publics-arts.ch/files/large/86a3d17cd1894602d9ff0cefc0586517b51e5b6a.jpg,"Yvonne Schweizer, 2023"
grosse-mondleiter_1979,today,https://www.publics-arts.ch/files/large/cba1ac2ba3391da7f5f9fde3b3e5a91372799d48.jpg,"Nicolas Gränacher, 2024"
grosse-mondleiter_1979,hist,https://www.publics-arts.ch/files/large/6744d9fa5457a4fca0eb399444024b2db9ef0943.jpg,"Inconnu / Unbekannt, 1980, Collection des arts visuels de la Ville de Bienne / Kunstsammlung der Stadt Biel"
grosse-mondleiter_1979,today,https://www.publics-arts.ch/files/large/aa2ba8ab37cf5de93410b3dadbfc44e3e6539804.jpg,"Nicolas Gränacher, 2024"
grosse-mondleiter_1979,hist,https://www.publics-arts.ch/files/large/298f2cbb68c44871f9edef08b8987288e60707e3.jpg,"Jeanne Chevalier, 1980"
organismus_1952,today,https://www.publics-arts.ch/files/large/bf354e9092f39180388319f823ae7a0b0723b4db.jpg,Matthias Bill / © Bundesamt für Kultur BAK
organismus_1952,hist,https://www.publics-arts.ch/files/large/023d54edb4ba7ade8d9320593d6639d24d9cc327.jpg,"Comet Photo AG, 1954, Com_M03-0221-0004, Bibliothèque ETH Zurich, Archives photographiques / ETH-Bibliothek Zürich, Bildarchiv / Public Domain Mark"
matrose_1978,today,https://www.publics-arts.ch/files/large/f090e2049747ec2e8bfa7ed92b1acfe41e457b96.jpg,"Yvonne Schweizer, 2024"
matrose_1978,hist,https://www.publics-arts.ch/files/large/58ebf9299eaff9c549f8d8717706e533a72a2868.jpg,"Jeanne Chevalier, 1980"
matrose_1978,today,https://www.publics-arts.ch/files/large/30812f3f1e2419b026aa8d4c13a1d7f4973208b9.jpg,"Yvonne Schweizer, 2024"
atlas_1970,today,https://www.publics-arts.ch/files/large/cbf9183f57fcdacf83dc5e92e4b31a5216cdaea4.jpg,"Yvonne Schweizer, 2024"
atlas_1970,hist,https://www.publics-arts.ch/files/large/e6eec06cdcae3c7f305547bbce50e5382d4b4629.jpg,"Heinz Baumann, 1970 © Bibliothèque ETH Zurich, Archives photographiques / ETH-Bibliothek Zürich, Bildarchiv"
atlas_1970,today,https://www.publics-arts.ch/files/large/7d6516c753d158550f66cb6fda69f3d18c916436.jpg,"Yvonne Schweizer, 2024"
atlas_1970,hist,https://www.publics-arts.ch/files/large/cc92c91453a9aec5548abcb0d2247afcd9e990e3.jpg,"Heinz Baumann, 1970 © Bibliothèque ETH Zurich, Archives photographiques / ETH-Bibliothek Zürich, Bildarchiv"
atlas_1970,today,https://www.publics-arts.ch/files/large/b5c4042c0ef3b094682a367e733fd16b48c1ce75.jpg,"Yvonne Schweizer, 2024"
atlas_1970,hist,https://www.publics-arts.ch/files/large/f1234bbd0f2d0d09ad44d3f60687571d1ea9b19c.jpg,"Heinz Baumann, 1970 © Bibliothèque ETH Zurich, Archives photographiques / ETH-Bibliothek Zürich, Bildarchiv"
grosser-boss_1972,today,https://www.publics-arts.ch/files/large/75225e7f336db9061deba2350ca7329c5749d9d6.jpg,"Yvonne Schweizer, 2024"
grosser-boss_1972,hist,https://www.publics-arts.ch/files/large/ad9144a689d3333385a4e59d469c6d5d7168575b.jpg,"Jeanne Chevalier, 1975 © Fondation Bernhard Luginbühl / Bernhard Luginbühl Stiftung"
grosser-boss_1972,today,https://www.publics-arts.ch/files/large/02a16bd379bf2ec7e6fe85d737892d4bd9270f42.jpg,"Yvonne Schweizer, 2024"
grosser-boss_1972,today,https://www.publics-arts.ch/files/large/3349e85d1c7b2223375a621520229c23019af40e.jpg,"Yvonne Schweizer, 2024"
komposition_1968,today,https://www.publics-arts.ch/files/large/006075a714bb611ee1f849051a37e2364b435a09.jpg,"JoachimKohlerBremen, 2016 (via Wikimedia Commons, CC BY-SA 4.0)"
komposition_1968,hist,https://www.publics-arts.ch/files/large/92662634b406f815187a9d8131703e4f946bc219.jpg,"Inconnu / Unbekannt, 1970, Collection des arts visuels de la Ville de Bienne / Kunstsammlung der Stadt Biel"
komposition_1968,hist,https://www.publics-arts.ch/files/large/bcd83e8c100138631ed8d45342ed6eeb2f2812be.jpg,"Inconnu / Unbekannt, 1970, Collection des arts visuels de la Ville de Bienne / Kunstsammlung der Stadt Biel"
mobile-ii_1970,today,https://www.publics-arts.ch/files/large/d62f908aa5a72306d567a6ff41a51ae7e5ec2611.jpg,"Seraina Peer, 2024"
mobile-ii_1970,hist,https://www.publics-arts.ch/files/large/3733a9bad9935cf486cca5ec1f393cb3163c2167.jpg,"Inconnu / Unbekannt, 1970, Collection des arts visuels de la Ville de Bienne / Kunstsammlung der Stadt Biel"
mobile-ii_1970,today,https://www.publics-arts.ch/files/large/eb761021d50c256eb7fe4e1d93a7024d20d2f673.jpg,"Seraina Peer, 2024"
la-vague_1957,today,https://www.publics-arts.ch/files/large/d78242bd91f320f805a8d750be56e49e495b0356.jpg,"Christopher Kilchenmann, 2023"
la-vague_1957,hist,https://www.publics-arts.ch/files/large/9cf566cc4892f377411beac0b989244dd7b08d85.jpg,"Fonds Jacques Thévoz, 1958, Service des biens culturels, Fribourg / Amt für Kulturgüter, Freiburg, Fonds Recensement des biens culturels Fribourg, RBCF "
la-vague_1957,today,https://www.publics-arts.ch/files/large/6ea750a6558fb8216c030494e135d57d2f077b52.jpg,
la-vague_1957,today,https://www.publics-arts.ch/files/large/092f08d05b2ef517ab7a25063b0b17429cde2f3e.jpg,
figure-xiia_1975,today,https://www.publics-arts.ch/files/large/0b597d0e1f2ceda87bd8abf4e4712dc90866398d.jpg,"Rama, 2022/23 (via Wikimedia Commons, CC BY-SA 4.0, MHM55)"
figure-xiia_1975,hist,https://www.publics-arts.ch/files/large/fb3103abfe834acc21daf68fd93649164762c8a7.jpg,"Source / Quelle: Jean Mohr, Gazzette de Lausanne, 20.7.1975"
figure-xiia_1975,today,https://www.publics-arts.ch/files/large/e576ac21a1fc046d31d7afd0ebf2753e4b0f1259.jpg,"Rama, 2022/23 (via Wikimedia Commons, CC BY-SA 4.0, MHM55)"
figure-xiia_1975,hist,https://www.publics-arts.ch/files/large/8c4b967b747c985b5d93766a59dd55fad369b2c1.jpg,"Inconnu / Unbekannt, 1975, Collection des arts visuels de la Ville de Bienne / Kunstsammlung der Stadt Biel"
dialogue_1970,today,https://www.publics-arts.ch/files/large/6ee2af8ceba36d5a5beeb13931b6dac515fc6ede.jpg,"Seraina Peer, 2024"
dialogue_1970,hist,https://www.publics-arts.ch/files/large/383dfd6063b71f0d724edbab013d0c61008caf7a.jpg,"Archives / Archiv Märki-Travaglini, 1970"
dialogue_1970,today,https://www.publics-arts.ch/files/large/0ed41001445cad0fe7db52eaf08f466e458b5e99.jpg,"Seraina Peer, 2024"
dialogue_1970,hist,https://www.publics-arts.ch/files/large/ea0f1abda80ab9ff1f8cef8a9b50b03d45baf00c.jpg,"Archives / Archiv Märki-Travaglini, 1970"
dialogue_1970,today,https://www.publics-arts.ch/files/large/5c26c705eea5ad38fdab0898c050ee6c942fe5d9.jpg,"Seraina Peer, 2024"
dialogue_1970,today,https://www.publics-arts.ch/files/large/abcd4d9125864fd98875d95dac44748731e5ce0c.jpg,"Seraina Peer, 2024"
grosse-aggression_1961,today,https://www.publics-arts.ch/files/large/51922eb5f72cd3ba2792ff8f175c700abe365045.jpg,"Ville de Bienne, Service de la Culture / Stadt Biel, Dienststelle für Kultur"
grosse-aggression_1961,hist,https://www.publics-arts.ch/files/large/4b4fa61adb98afff896bb351e05f1a19124ed52c.jpg,"Fonds Jacques Thévoz, 1962, Service des biens culturels, Fribourg / Amt für Kulturgüter, Freiburg, Fonds Recensement des biens culturels Fribourg, RBCF "
zweiteilige-skulptur_1965,today,https://www.publics-arts.ch/files/large/3d719f5dd232e5248d400a2d072575837069f357.jpg,"Andreas Bachmann, 2024"
zweiteilige-skulptur_1965,hist,https://www.publics-arts.ch/files/large/5ed0b0939bd4868bdca9ee873e9926869e1ae864.jpg,"Jürg Rihs, 1966"
zweiteilige-skulptur_1965,today,https://www.publics-arts.ch/files/large/083bb811dba9e0ca6988b746a316a39991b5ff65.jpg,"Andreas Bachmann, 2024"
zweiteilige-skulptur_1965,hist,https://www.publics-arts.ch/files/large/a05fe888d94613fdfcc9a23730f1eb0aa17beb47.jpg,"Inconnu / Unbekannt, 1966, Collection des arts visuels de la Ville de Bienne / Kunstsammlung der Stadt Biel"
zweiteilige-skulptur_1965,today,https://www.publics-arts.ch/files/large/766b0926576277d677023d568e69c7a5390f1b41.jpg,"Andreas Bachmann, 2024"
zweiteilige-skulptur_1965,hist,https://www.publics-arts.ch/files/large/de4fa8cfde1f25e8d8fe430f67fe9d4d0365c00b.jpg,"Inconnu / Unbekannt, 1966, Collection des arts visuels de la Ville de Bienne / Kunstsammlung der Stadt Biel"
zweiteilige-skulptur_1965,hist,https://www.publics-arts.ch/files/large/8778b561b9a5ea4aaecd52729b6806a265bb4954.jpg,"Inconnu / Unbekannt, 1966, Collection des arts visuels de la Ville de Bienne / Kunstsammlung der Stadt Biel"
e-7-g_1964,today,https://www.publics-arts.ch/files/large/1feddbfaf9f6f9c7746832045d2d5a99fcbf09f1.jpg,
e-7-g_1964,hist,https://www.publics-arts.ch/files/large/a15fd768181bdc304b16368629ba5d7910fcd68e.jpg,"Archives / Archiv Märki-Travaglini, 1970"
e-7-g_1964,hist,https://www.publics-arts.ch/files/large/cd59e6684c8bc4fa688695604e8dcfe0b2cf5051.jpg,"Heinz Baumann, 1970 © Bibliothèque ETH Zurich, Archives photographiques / ETH-Bibliothek Zürich, Bildarchiv"
eisenplastik_1954,today,https://www.publics-arts.ch/files/large/eb7841cfee85b5e2f0d965f55f5d2c166e5a9d56.jpg,"Christopher Kilchenmann, 2023"
eisenplastik_1954,hist,https://www.publics-arts.ch/files/large/1feddbfaf9f6f9c7746832045d2d5a99fcbf09f1.jpg,
eisenplastik_1954,today,https://www.publics-arts.ch/files/large/cf17dab87e4301696322517912c17a12de5483aa.jpg,"Christopher Kilchenmann, 2023"
eisenplastik_1954,today,https://www.publics-arts.ch/files/large/0bb6c64e43e778a326543b95075e0dd703444e76.jpg,"Christopher Kilchenmann, 2023"
eisenplastik_1954,today,https://www.publics-arts.ch/files/large/f9fed565be1c99dd4edbd7f4794343b688c56653.jpg,"Christopher Kilchenmann, 2023"
eisenplastik_1954,today,https://www.publics-arts.ch/files/large/172290496b4292afe31c00a31a1088f1174443a3.jpg,"Christopher Kilchenmann, 2023"
moorgarten-aus-baumelementen_1975,today,https://www.publics-arts.ch/files/large/1feddbfaf9f6f9c7746832045d2d5a99fcbf09f1.jpg,
moorgarten-aus-baumelementen_1975,hist,https://www.publics-arts.ch/files/large/32321039a97fb9f3a8945f34e8a554c8d7e42c0d.jpg,"Jeanne Chevalier, 1975"
schrein_1979,today,https://www.publics-arts.ch/files/large/9459320caac59dd126de62f00285b72a76cbf7dd.jpg,"AnBuKu, 2019 (via Wikimedia Commons, CC BY-SA 4.0)"
schrein_1979,hist,https://www.publics-arts.ch/files/large/1feddbfaf9f6f9c7746832045d2d5a99fcbf09f1.jpg,
schrein_1979,today,https://www.publics-arts.ch/files/large/71c93ef404942f312c4e01929d63056cec219f9d.jpg,
schrein_1979,today,https://www.publics-arts.ch/files/large/c16f24724b8910fbf1b56fa370f5ff3a9694bc28.jpg,
schrein_1979,today,https://www.publics-arts.ch/files/large/0ccd0184bf4fdf21de014ffc26d6bf1933b2772b.jpg,
element-en-3-pieces_1978,today,https://www.publics-arts.ch/files/large/028fa9667f6ca7186d6ea33501646c12980e5ada.jpg,"Veronika Malaschonok, 2023"
element-en-3-pieces_1978,hist,https://www.publics-arts.ch/files/large/1feddbfaf9f6f9c7746832045d2d5a99fcbf09f1.jpg,
sich-kaemmendes-maedchen_1955,today,https://www.publics-arts.ch/files/large/e447feaf3375840a0aee582f3afb39fa3409cdbe.jpg,"Christopher Kilchenmann, 2023"
sich-kaemmendes-maedchen_1955,hist,https://www.publics-arts.ch/files/large/1feddbfaf9f6f9c7746832045d2d5a99fcbf09f1.jpg,
sich-kaemmendes-maedchen_1955,today,https://www.publics-arts.ch/files/large/1beeffe3cf5750186bb237488d23769bf91b1bb1.jpg,"Christopher Kilchenmann, 2023"
sich-kaemmendes-maedchen_1955,today,https://www.publics-arts.ch/files/large/d54bc295ea1502ab9fe192d45468a8c49f0e45dc.jpg,"Christopher Kilchenmann, 2023"
sich-kaemmendes-maedchen_1955,today,https://www.publics-arts.ch/files/large/c725ed6c79e01f905889f5c8cee693c131f68018.jpg,"Christopher Kilchenmann, 2023"
ours_1958,today,https://www.publics-arts.ch/files/large/6e62e8fd01943885c9e313307d2558adc289d686.jpg,"Christopher Kilchenmann, 2023"
ours_1958,hist,https://www.publics-arts.ch/files/large/1feddbfaf9f6f9c7746832045d2d5a99fcbf09f1.jpg,
ours_1958,today,https://www.publics-arts.ch/files/large/32aba70773c029f0b2ea2a56f1ff3a5d706ac5a5.jpg,"Christopher Kilchenmann, 2023"
kyra-–-grosse-liegende_1961,today,https://www.publics-arts.ch/files/large/8f7fba5479bcffa2d11a6a6568d2537f71ffbbba.jpg,"Christopher Kilchenmann, 2023"
kyra-–-grosse-liegende_1961,hist,https://www.publics-arts.ch/files/large/39a6feb12f9dffc29bb25fad1cb9de8b699a2218.jpg,"inconnu / unbekannt, 1962, source / Quelle: Marcel Joray, Schweizer Plastik der Gegenwart, Neuchâtel: Éditions du Griffon 1967, Cat. / Kat. 507"
kyra-–-grosse-liegende_1961,today,https://www.publics-arts.ch/files/large/2636a0aa674948f52571a3084f8cbbb03f399095.jpg,"Christopher Kilchenmann, 2023"
kyra-–-grosse-liegende_1961,today,https://www.publics-arts.ch/files/large/10901af32cc4c05b006882726533ff5c6db01c4b.jpg,"Christopher Kilchenmann, 2023"
le-silence_1970,today,https://www.publics-arts.ch/files/large/47389e15fe471bb34af20dfd5b2d56d08584a2ea.jpg,"Micha L. Rieser, 2014 (via Wikimedia Commons, Attribution)"
le-silence_1970,hist,https://www.publics-arts.ch/files/large/24ab976091d66088b6b64c962d93496af3afcb66.jpg,"inconnu / unbekannt, 1970, source / Quelle: Marcel Joray, La sculpture moderne en Suisse, Neuchâtel: Éditions du Griffon 1989, Cat. / Kat. 30"
le-silence_1970,today,https://www.publics-arts.ch/files/large/110cc6735c732028d805c4d4f03fdc9cde370d85.jpg,"Micha L. Rieser, 2014 (via Wikimedia Commons, Attribution)"
konkaver-wald_1975,today,https://www.publics-arts.ch/files/large/9257d75e268e97ca71fed7e6b0d6446412e1a25a.jpg,"Inconnu / Unbekannt, Collection des arts visuels de la Ville de Bienne / Kunstsammlung der Stadt Biel, sans date / ohne Datum"
konkaver-wald_1975,hist,https://www.publics-arts.ch/files/large/434afb53ba8a199ffc7cf43c3ad1b15c1e74b455.jpg,"Source / Quelle: Margrit Baumann, 1980"
konkaver-wald_1975,today,https://www.publics-arts.ch/files/large/eb6eb394ca92049b8244e8f903cd94fbf24f7c81.jpg,"Inconnu / Unbekannt, Collection des arts visuels de la Ville de Bienne / Kunstsammlung der Stadt Biel, sans date / ohne Datum"
see-ok_1977,today,https://www.publics-arts.ch/files/large/b0e97e8bd6c2569cf7baa82499cef28605bf37c7.jpg,"Christopher Kilchenmann, 2023"
see-ok_1977,hist,https://www.publics-arts.ch/files/large/310916c3f48abd08879a4926138a7e57f4a1d137.jpg,"inconnu / unbekannt, 1980, Collection des arts visuels de la Ville de Bienne / Kunstsammlung der Stadt Biel, sans date / ohne Datum"
see-ok_1977,today,https://www.publics-arts.ch/files/large/98399537b1dd59186fabf99976e9c7f22d7d8000.jpg,"Christopher Kilchenmann, 2023"
see-ok_1977,hist,https://www.publics-arts.ch/files/large/f7aede42f9a8a95fba1b5c1c55c6b65e6e078f9c.jpg,"inconnu / unbekannt, 1980, Collection des arts visuels de la Ville de Bienne / Kunstsammlung der Stadt Biel, sans date / ohne Datum"
see-ok_1977,today,https://www.publics-arts.ch/files/large/1df417fa1c620b0e70c06cb3fa5d269a61593496.jpg,"Christopher Kilchenmann, 2023"
haken-cat_1974,today,https://www.publics-arts.ch/files/large/1feddbfaf9f6f9c7746832045d2d5a99fcbf09f1.jpg,
haken-cat_1974,hist,https://www.publics-arts.ch/files/large/7c76e7c3cd5152e9c2d6aac8195cc59fd2b87f3d.jpg,"Jeanne Chevalier, 1975"
haken-cat_1974,hist,https://www.publics-arts.ch/files/large/de4000dc55bc451106f2097cfdaf319b1a0d2cb9.jpg,"Archives / Archiv Märki-Travaglini, 1975"
haken-cat_1974,hist,https://www.publics-arts.ch/files/large/e2daa2897be43b78ed44a8be720d16adc99d6dbb.jpg,"inconnu / unbekannt, 1975, Collection des arts visuels de la Ville de Bienne / Kunstsammlung der Stadt Biel, sans date / ohne Datum"
figur-i_1957,today,https://www.publics-arts.ch/files/large/b117a84d866b4be14d08a4084a7234a2b4974403.jpg,"Gerardus, 2008 (via Wikimedia Commons, Public Domain)"
figur-i_1957,hist,https://www.publics-arts.ch/files/large/1feddbfaf9f6f9c7746832045d2d5a99fcbf09f1.jpg,
element-a_1970,today,https://www.publics-arts.ch/files/large/1feddbfaf9f6f9c7746832045d2d5a99fcbf09f1.jpg,
element-a_1970,hist,https://www.publics-arts.ch/files/large/2eab15bd6569cd054eff6f9690e443cd43e75bca.jpg,"Jeanne Chevalier, 1970"
grosser-rahmen_1970,today,https://www.publics-arts.ch/files/large/1feddbfaf9f6f9c7746832045d2d5a99fcbf09f1.jpg,
grosser-rahmen_1970,hist,https://www.publics-arts.ch/files/large/56f826e2f30c04568fc81336539c8f983454c472.jpg,"Archives / Archiv Märki-Travaglini, 1970"
